-- phpMyAdmin SQL Dump
-- version 3.4.11.1deb2+deb7u1
-- http://www.phpmyadmin.net
--
-- 主机: localhost
-- 生成日期: 2015 年 05 月 06 日 20:00
-- 服务器版本: 5.5.38
-- PHP 版本: 5.4.4-14+deb7u14

SET SQL_MODE="NO_AUTO_VALUE_ON_ZERO";
SET time_zone = "+00:00";


/*!40101 SET @OLD_CHARACTER_SET_CLIENT=@@CHARACTER_SET_CLIENT */;
/*!40101 SET @OLD_CHARACTER_SET_RESULTS=@@CHARACTER_SET_RESULTS */;
/*!40101 SET @OLD_COLLATION_CONNECTION=@@COLLATION_CONNECTION */;
/*!40101 SET NAMES utf8 */;

--
-- 数据库: `Exon`
--
CREATE DATABASE `Exon` DEFAULT CHARACTER SET latin1 COLLATE latin1_swedish_ci;
USE `Exon`;

-- --------------------------------------------------------

--
-- 表的结构 `Project`
--

CREATE TABLE IF NOT EXISTS `Project` (
  `ID` int(11) NOT NULL AUTO_INCREMENT COMMENT 'ID',
  `Name` varchar(128) COLLATE utf8_unicode_ci NOT NULL COMMENT '项目名称',
  `Code` varchar(32) COLLATE utf8_unicode_ci NOT NULL COMMENT '代号',
  `Manager` int(11) NOT NULL COMMENT '负责人ID',
  `Date_start` date NOT NULL COMMENT '开始日期',
  `Date_end` date NOT NULL COMMENT '（预期）结束日期',
  `Status` varchar(16) COLLATE utf8_unicode_ci NOT NULL COMMENT '状态',
  `Password` varchar(34) COLLATE utf8_unicode_ci NOT NULL DEFAULT 'x',
  `Gid` bigint(11) NOT NULL,
  `Remark` text COLLATE utf8_unicode_ci COMMENT '备注',
  `Timestamp` timestamp NOT NULL DEFAULT CURRENT_TIMESTAMP ON UPDATE CURRENT_TIMESTAMP COMMENT '时间戳，创建或修改时更新',
  PRIMARY KEY (`ID`)
) ENGINE=InnoDB  DEFAULT CHARSET=utf8 COLLATE=utf8_unicode_ci COMMENT='项目表，每个记录对应一个项目' AUTO_INCREMENT=10 ;

--
-- 转存表中的数据 `Project`
--

INSERT INTO `Project` (`ID`, `Name`, `Code`, `Manager`, `Date_start`, `Date_end`, `Status`, `Password`, `Gid`, `Remark`, `Timestamp`) VALUES
(0, '公司日常管理', 'MySHworks', 2, '2014-01-01', '2020-01-01', '进行', 'x', 888, ' ', '2015-01-19 03:10:18'),
(1, '六九零五厂网站', 'Yucca', 7, '2014-08-04', '2014-12-01', '进行', 'x', 5001, ' ', '2015-01-19 03:10:18'),
(2, '公司管理系统', 'Exon', 2, '2014-07-01', '2015-04-30', '进行', 'x', 5002, ' ', '2015-03-03 08:05:37'),
(3, 'ARM控制板', 'Chitin', 10, '2014-04-14', '2014-12-31', '进行', 'x', 5003, ' ', '2015-01-19 03:10:18'),
(4, '安卓流水账', 'Sardine', 10, '2014-11-14', '2014-11-30', '进行', 'x', 5004, ' ', '2015-04-07 14:52:55'),
(5, '主控单元核心板', 'Taxol', 8, '2014-11-26', '2015-01-31', '进行', 'x', 5005, ' ', '2015-01-19 03:10:18'),
(6, 'LCD按钮单元', 'Niche', 7, '2014-11-26', '2015-01-31', '进行', 'x', 5006, ' ', '2015-01-19 03:10:18'),
(7, '论文', 'Treatise', 5, '2015-01-19', '2015-04-30', '进行', 'x', 5007, ' ', '2015-01-19 03:10:34'),
(8, '驾校考试中心服务系统', 'Triose', 10, '2015-03-03', '2015-08-01', '进行', 'x', 5008, '完成阶段1开发计划', '2015-03-03 08:21:33'),
(9, '余生时间觉知及其心理与神经机制测试系统', 'Cumin', 6, '2015-03-23', '2015-05-23', '进行', 'x', 5009, '余生时间觉知及其心理与神经机制测试系统。', '2015-03-23 01:23:57');

-- --------------------------------------------------------

--
-- 表的结构 `ProjectContent`
--

CREATE TABLE IF NOT EXISTS `ProjectContent` (
  `ID` int(11) NOT NULL AUTO_INCREMENT COMMENT '唯一标示符',
  `ProjectCode` varchar(256) NOT NULL COMMENT '项目代号',
  `Content` longtext NOT NULL COMMENT '项目日志内容',
  PRIMARY KEY (`ID`)
) ENGINE=InnoDB  DEFAULT CHARSET=latin1 AUTO_INCREMENT=25 ;

-- --------------------------------------------------------

--
-- 表的结构 `Staff`
--

CREATE TABLE IF NOT EXISTS `Staff` (
  `ID` int(11) NOT NULL AUTO_INCREMENT,
  `Name` varchar(32) COLLATE utf8_unicode_ci NOT NULL COMMENT '姓名',
  `Sex` varchar(2) COLLATE utf8_unicode_ci NOT NULL COMMENT '性别',
  `ID_card` varchar(20) COLLATE utf8_unicode_ci NOT NULL COMMENT '身份证号',
  `ABC_account` varchar(128) COLLATE utf8_unicode_ci NOT NULL COMMENT '农业银行卡卡号',
  `CQC_account` varchar(128) COLLATE utf8_unicode_ci NOT NULL,
  `Class` varchar(32) COLLATE utf8_unicode_ci NOT NULL COMMENT '班级',
  `Grade` int(11) NOT NULL,
  `Region` varchar(16) COLLATE utf8_unicode_ci NOT NULL COMMENT '籍贯',
  `Mobile` varchar(20) COLLATE utf8_unicode_ci NOT NULL COMMENT '手机',
  `QQ` varchar(20) COLLATE utf8_unicode_ci NOT NULL COMMENT 'QQ',
  `Email` varchar(32) COLLATE utf8_unicode_ci NOT NULL COMMENT '邮件',
  `User` varchar(32) COLLATE utf8_unicode_ci NOT NULL COMMENT '用户名',
  `Password` varchar(34) COLLATE utf8_unicode_ci NOT NULL DEFAULT 'x' COMMENT 'Linux系统用户密码加密',
  `Status` bigint(20) unsigned NOT NULL DEFAULT '0',
  `Permission` varchar(10) COLLATE utf8_unicode_ci NOT NULL DEFAULT '2',
  `Uid` int(11) NOT NULL,
  `Gid` int(11) NOT NULL DEFAULT '5000',
  `Home` varchar(255) COLLATE utf8_unicode_ci NOT NULL,
  `Shell` varchar(64) COLLATE utf8_unicode_ci NOT NULL DEFAULT '/bin/bash',
  `Lstchg` bigint(20) NOT NULL DEFAULT '1',
  `Min` bigint(20) NOT NULL DEFAULT '0',
  `Max` bigint(20) NOT NULL DEFAULT '99999',
  `Warning` bigint(20) NOT NULL DEFAULT '0',
  `Inact` bigint(20) NOT NULL DEFAULT '0',
  `Expire` bigint(20) NOT NULL DEFAULT '-1',
  `Remark` text COLLATE utf8_unicode_ci,
  `Timestamp` timestamp NOT NULL DEFAULT CURRENT_TIMESTAMP ON UPDATE CURRENT_TIMESTAMP,
  PRIMARY KEY (`ID`)
) ENGINE=InnoDB  DEFAULT CHARSET=utf8 COLLATE=utf8_unicode_ci COMMENT='人员表，每个记录对应一个成员' AUTO_INCREMENT=23 ;

--
-- 转存表中的数据 `Staff`
--

INSERT INTO `Staff` (`ID`, `Name`, `Sex`, `ID_card`, `ABC_account`, `CQC_account`, `Class`, `Grade`, `Region`, `Mobile`, `QQ`, `Email`, `User`, `Password`, `Status`, `Permission`, `Uid`, `Gid`, `Home`, `Shell`, `Lstchg`, `Min`, `Max`, `Warning`, `Inact`, `Expire`, `Remark`, `Timestamp`) VALUES
(1, '杨颂华', '男', '510215197805130417', '', '', '教师', 0, '重庆北碚', '13883737789', '11666298', 'yang.songhua@qq.com', 'arthuryang', '$1$Yg9tgqXD$qJ6OjX4BaPgT9ADK69.E4/', 0, '1', 8000, 5000, '/home/user/arthuryang', '/bin/bash', 1, 0, 99999, 0, 0, -1, NULL, '2015-01-26 05:09:45'),
(2, '周太顺', '男', '522321199207072232', '#6230960000001508188\n#6228480470816996719', '', '2011级自动化1班', 1, '贵州兴义', '13638332509', '947499923', '947499923@qq.com', 'zhoutaishun', '$1$.XICz.SM$m.w7kMRQmAeYpKJzIgvjG.', 0, '2', 8001, 5000, '/home/user/zhoutaishun', '/bin/bash', 1, 0, 99999, 0, 0, -1, 'NULL', '2015-01-05 01:20:37'),
(3, '袁会', '女', '', '', '', '2012级自动化1班', 3, '四川宜宾', '18883253970', '374760504', 'yuanhui.csdn@qq.com', 'yuanhui', '$1$PbXX2lg4$J9cVRS5cy47ZdJuXndLN01', 0, '2', 8002, 5000, '/home/user/yuanhui', '/bin/bash', 1, 0, 99999, 0, 0, -1, 'NULL', '2015-02-25 08:22:00'),
(4, '赵祚军', '男', '411422199205190951', '#6228480470987930000', '', '2012级自动化2班', 3, '河南商丘', '18883269655', '2575484027', '2575484027@qq.com', 'zhaozuojun', '$1$Qi9tASt9$8I2K4NeQAj.nGWxqM5mFv.', 0, '2', 8003, 5000, '/home/user/zhaozuojun', '/bin/bash', 1, 0, 99999, 0, 0, -1, 'NULL', '2015-04-12 02:18:15'),
(5, '吕诗琦', '女', '511526199405030324', '#6228480478018080000', '', '2012级自动化1班', 3, '四川宜宾', '18883233516  ', '546048743  ', '546048743@qq.com', 'lvshiqi', '$1$05vBL4zs$EiByfsmE49l799AAV2d5Y0', 0, '2', 8004, 5000, '/home/user/lvshiqi', '/bin/bash', 1, 0, 99999, 0, 0, -1, NULL, '2014-12-07 13:56:33'),
(6, '刘强', '男', '511621199207113579', '#6228480470822484015', '', '2011级自动化1班', 2, '四川广安', '13272648376', '1070891495  ', '1070891495@qq.com', 'liuqiang', '$1$g.mLZ00T$du1StRzIvMv6hE7fTP2he1', 0, '2', 8005, 5000, '/home/user/liuqiang', '/bin/bash', 1, 0, 99999, 0, 0, -1, NULL, '2014-12-07 13:56:31'),
(7, '何秋农', '男', '500381199409145218', '#6228480478058104371', '', '2012级自动化1班', 3, '重庆江津', '18883260907', '1289580861', '1289580861@qq.com', 'heqiunong', '$1$oMSwXlAQ$ni36Yy55YdcP18B456fXm/', 0, '2', 8006, 5000, '/home/user/heqiunong', '/bin/bash', 1, 0, 99999, 0, 0, -1, NULL, '2014-12-07 13:56:30'),
(8, '吴水琴', '女', '362330199406076806', '#6228480478194866479', '', '2012级自动化2班', 3, '江西鄱阳', '18883255391', '1798768385', '1798768385@qq.com', 'wushuiqin', '$1$vT5es3sl$GNHYjVvDCqZdf/M8wHUNe0', 0, '2 3', 8007, 5000, '/home/user/wushuiqin', '/bin/bash', 1, 0, 99999, 0, 0, -1, NULL, '2015-01-27 06:49:49'),
(9, '张蒙川', '男', '51052119911011435x', '', '', '2011级自动化1班', 2, '四川泸州', '15730103033', '826886695', '826886695@qq.com', 'zhangmengchuan', '$1$srDMg6jg$YGH8QNutmMOdY53f06Xmf0', 0, '2', 8008, 5000, '/home/user/zhangmengchuan', '/bin/bash', 1, 0, 99999, 0, 0, -1, NULL, '2014-12-07 13:56:27'),
(10, '徐朝鹏', '男', '522501199107085000', '#6230960000001510127', '', '2011级自动化1班', 1, '贵州安顺', '15823845384', '972270170', '972270170@qq.com', 'xuchaopeng', '$1$wKj02F4i$0ETomm48A7R6mv430rYYp1', 0, '1', 8009, 5000, '/home/user/xuchaopeng', '/bin/bash', 1, 0, 99999, 0, 0, -1, NULL, '2014-12-16 05:36:24'),
(11, '韦文朝', '男', '522328199303133212', '', '', '', 2, '贵州兴义', '13650509731', '1663217328', '1663217328@qq.com', 'weiwenchao', '$1$m9OBLY7q$rZKlbNnmnb6bdGN2gp6k/0', 0, '2', 8010, 5000, '/home/user/weiwenchao', '/bin/bash', 1, 0, 99999, 0, 0, -1, NULL, '2015-03-02 02:36:01'),
(12, '任维', '男', '510402199301300000', '', '', '2011级自动化2班', 2, '四川攀枝花', '13637896935', '1362426640', '1362426640@qq.com', 'renwei', '$1$srD8ERFH$ziSTocWm72tA3Rx1uqAZ7.', 0, '2', 8011, 5000, '/home/user/renwei', '/bin/bash', 1, 0, 99999, 0, 0, -1, NULL, '2015-01-05 01:56:20'),
(13, '邱星滔', '男', '513029199408314000', ' 6228480478194868277', '', '2013级自动化1班', 4, '四川达州', '18875217891', '1063598068', '1063598068@qq.com', 'qiuxingtao', '$1$Yg99sH4i$y3zuPrXU9NflxkuUCkMXw0', 0, '2', 8012, 5000, '/home/user/qiuxingtao', '/bin/bash', 1, 0, 99999, 0, 0, -1, NULL, '2014-12-07 13:56:18'),
(14, '乔琦', '男', '140121199402107000', ' 140121199402107000', '', '2013级自动化1班', 4, '山西太原', '18883370118', '330286963', '330286963@qq.com', 'qiaoqi', '$1$m9upR2kH$UszQR.Uk3fnFxUz.grlQB.', 0, '2', 8013, 5000, '/home/user/qiaoqi', '/bin/bash', 1, 0, 99999, 0, 0, -1, NULL, '2014-12-07 13:56:17'),
(15, '卢玉娇', '女', 'xxxxxxx', ' xxxxxxxxxxxx', '', '2013级自动化2班', 4, ' 四川绵阳', '15320471263', '1059210376', '1223540783@qq.com', 'luyujiao', '$1$g.mLZ00T$RFhjChaCrLBdU4qmVHCjJ.', 0, '2', 8014, 5000, '/home/user/luyujiao', '/bin/bash', 1, 0, 99999, 0, 0, -1, NULL, '2014-12-07 13:56:16'),
(16, '秦秀', '女', '510704199501164000', ' 6228480478058850000', '', '2013级自动化1班', 4, '四川绵阳', '18883372219', '2412165470', '2412165470@qq.com', 'qinxiu', '$1$m9upR2kH$BJ4USGrMfysx.UMasTClv0', 0, '2', 8015, 5000, '/home/user/qinxiu', '/bin/bash', 1, 0, 99999, 0, 0, -1, NULL, '2014-12-07 13:56:14'),
(17, '周成林', '男', '340881199312152611', ' 6228480478030592073', '', '2013级自动化2班', 4, '安徽桐城', '18306075283', '919559816', '919559816@qq.com', 'zhouchenglin', '$1$4IzwXF4S$S5UTX.Bpwa2Rps/wtZSVc1', 0, '2', 8016, 5000, '/home/user/zhouchenglin', '/bin/bash', 1, 0, 99999, 0, 0, -1, NULL, '2015-03-14 07:19:49'),
(18, '聂康', '男', '360103199504255000', ' 622848047803058000', '', '2013级自动化2班', 4, ' 江西南昌', '15023094801', '1441154591', '1441154591@qq.com', 'niekang', '$1$CGEDLon/$cR.S8wElRuRXuVY7OCoa80', 0, '2', 8017, 5000, '/home/user/niekang', '/bin/bash', 1, 0, 99999, 0, 0, -1, NULL, '2014-12-07 13:56:12'),
(20, '吴贵森', '男', '350622199412062032', ' 6228480478030542771', '', '2013级自动化2班', 4, ' 福建漳州', '15683243827', '1019661562', '1019661562@qq.com', 'wuguisen', '$1$4ITopg5q$ffWgoVJ/WzrItZq6jscMG/', 0, '2', 8018, 5000, '/home/user/wuguisen', '/bin/bash', 1, 0, 99999, 0, 0, -1, NULL, '2014-12-07 13:56:10'),
(21, '欧宝龙', '男', '35012119941110273X', ' 6228480478030542672', '', '2013级自动化2班', 4, ' 福建福州', '15683452917', '1059210376', '1059210376@qq.com', 'oubaolong', '$1$nl0nSeaK$7d90dwUCNX9lYLMejnRg2.', 0, '2 3', 8019, 5000, '/home/user/oubaolong', '/bin/bash', 1, 0, 99999, 0, 0, -1, NULL, '2015-01-27 07:04:22'),
(22, '邓超', '男', '', '', '', '', 5, '', '', '', '', 'dengchao', '', 2, '2', 8019, 5000, '/home/user/dengchao', '/bin/bash', 1, 0, 99999, 0, 0, -1, NULL, '2015-03-24 04:05:03');

-- --------------------------------------------------------

--
-- 表的结构 `Task`
--

CREATE TABLE IF NOT EXISTS `Task` (
  `ID` int(11) NOT NULL AUTO_INCREMENT COMMENT 'ID',
  `Staff_ID` int(11) NOT NULL COMMENT '人员ID',
  `Name` varchar(128) COLLATE utf8_unicode_ci NOT NULL COMMENT '名称',
  `Project_ID` int(11) NOT NULL COMMENT '项目ID',
  `Target` text COLLATE utf8_unicode_ci NOT NULL COMMENT '要实现的目标',
  `Date_start` date NOT NULL COMMENT '开始日期',
  `Date_end` date NOT NULL COMMENT '（预期）结束日期',
  `Status` varchar(16) COLLATE utf8_unicode_ci NOT NULL DEFAULT '进行' COMMENT '状态',
  `Content` text COLLATE utf8_unicode_ci COMMENT '任务内容',
  `Remark` text COLLATE utf8_unicode_ci NOT NULL COMMENT '任务的完成情况',
  `Timestamp` timestamp NOT NULL DEFAULT CURRENT_TIMESTAMP ON UPDATE CURRENT_TIMESTAMP COMMENT '时间戳，创建或修改时更新',
  PRIMARY KEY (`ID`)
) ENGINE=InnoDB  DEFAULT CHARSET=utf8 COLLATE=utf8_unicode_ci COMMENT='任务，每个记录对应一个任务' AUTO_INCREMENT=51628 ;

--
-- 转存表中的数据 `Task`
--

INSERT INTO `Task` (`ID`, `Staff_ID`, `Name`, `Project_ID`, `Target`, `Date_start`, `Date_end`, `Status`, `Content`, `Remark`, `Timestamp`) VALUES
(42205, 10, 'DC8000的PCB设计', 3, '完成DC8000的PCB设计图', '2014-05-27', '2014-08-28', '完成', '完成DC8000的PCB设计图', '', '2015-01-05 02:09:25'),
(42207, 5, '基于STM32的USB设备开发', 3, '实现STM32下USB设备枚举，将该过程中的技术写成文档。', '2014-05-29', '2014-09-30', '完成', '实现STM32下USB设备枚举的整个过程。', '', '2015-01-05 02:09:25'),
(42301, 3, 'MFC Putty界面部分实现（袁会）', 2, '使用MFC开发Putty登录界面。', '2015-04-17', '2015-04-18', '完成', '使用MFC开发Putty登录界面，实现简单的操作逻辑。', '完成。', '2015-04-18 01:43:20'),
(42302, 4, 'MFC Putty界面部分实现（赵祚军）', 2, '使用MFC开发Putty登录界面。', '2014-06-01', '2014-06-04', '完成', '使用MFC开发Putty登录界面，实现简单的操作逻辑。', '', '2015-01-05 02:09:25'),
(42401, 10, 'STM32F407编程练习', 3, 'STM32F407编程练习，初步掌握单片机开发。', '2014-06-17', '2014-06-21', '完成', 'STM32F407编程练习，包括点灯、流水灯的基本操作，初步掌握单片机开发。', '', '2015-01-05 02:09:25'),
(42601, 11, '编写科研管理系统方案文档', 1, '完成科研管理系统方案文档编写。', '2014-07-05', '2014-08-04', '完成', '编写科研管理系统方案文档，包括数据库设计、程序设计等。', '', '2015-01-05 02:09:25'),
(42602, 7, 'PHP导入Excel文件内容和生成Excel文件', 1, '完成PHP导入Excel文件内容和生成Excel文件的功能。', '2014-07-05', '2014-07-16', '完成', '使用php打开excel文件，将文件中的内容导入到数据库中。使用php生成excel文件，能控制输入文字内容、格式等。', '', '2015-01-05 02:09:25'),
(42603, 8, '数据统计及图表生成', 1, '完成PHP数据统计及生成图表功能。', '2014-07-05', '2014-07-24', '完成', '使用php对数据进行统计，将相关数据生成图表。', '', '2015-01-05 02:09:25'),
(42702, 7, '基于debian7的LAMP搭建', 1, '在debian7下完成LAMP搭建', '2014-07-09', '2014-07-22', '完成', '在debian7下，完成Linux+Apache+Mysql+PHP动态网站搭建。', '', '2015-01-05 02:09:25'),
(42705, 9, '测试DC8000板子', 3, '测试DC8000板子，完成测试报告。', '2014-07-12', '2014-07-25', '完成', '测试DC8000板子的各项功能，完成测试报告。', '', '2015-01-05 02:09:25'),
(42706, 9, 'Yucca页面模型建立', 1, '完成Yucca页面模型建立', '2014-07-13', '2014-08-18', '完成', '完成Yucca页面模型建立', '', '2015-01-05 02:09:25'),
(42707, 7, 'Yucca页面布局', 1, '完成Yucca页面布局', '2014-07-13', '2014-08-19', '完成', '完成Yucca页面布局，为后续开发做准备。', '', '2014-12-20 06:58:05'),
(42708, 7, 'User控制器的调整', 1, '完成User控制器的调整', '2014-07-13', '2014-07-24', '完成', '完成User控制器的调整，使其更符合业务逻辑。', '', '2015-01-05 02:09:25'),
(42801, 2, 'CGI初步探索', 2, '完成CGI初步探索，配置可访问的cgi目录。', '2014-07-15', '2014-08-26', '完成', '在linux系统中完成CGI初步探索，配置网页等可访问的cgi目录。', '完成', '2014-12-23 10:56:29'),
(42804, 3, '项目管理界面效果图修改', 2, '完成项目管理界面效果图修改', '2014-07-20', '2014-07-30', '完成', '项目部分逻辑有变化，需要修改项目管理界面效果图。', 'ceshi', '2015-01-05 02:09:25'),
(42901, 10, 'PCB外形接口需求调整分析', 3, '完成PCB外形接口需求调整分析，形成文档。', '2014-07-25', '2014-08-12', '完成', 'PCB外形接口调整之后，新的需求需要分析并形成文档。', '', '2015-01-05 02:09:25'),
(42902, 7, '任务新增页面实现', 1, '完成任务新增页面的设计和编码', '2014-07-25', '2014-07-30', '完成', '完成任务新增页面的设计和编码，实现新增任务功能。', '', '2015-01-05 02:09:25'),
(43101, 3, 'Exon PC客户端框架搭建', 2, '完成Exon PC客户端框架搭建', '2014-08-03', '2014-08-18', '完成', 'Exon PC客户端需要搭建一个开发框架，后续将使用该框架开发。', 'ghjhgjk', '2014-12-27 02:07:04'),
(43201, 6, 'Windows下USB驱动程序开发', 3, '完成Windows下USB驱动程序开发Demo', '2014-08-09', '2014-08-19', '完成', 'Windows下USB驱动程序开发，研究windows驱动开发历程。', '', '2015-01-06 13:42:02'),
(43202, 9, '编写DCM301用户手册', 3, '完成DCM301用户手册编写', '2014-08-09', '2014-08-26', '完成', '编写DCM301用户手册，阐述DCM301的使用并示例。', '', '2015-01-06 13:42:02'),
(43601, 14, '个人上课时间表统计', 0, '把所有人员的课表统计汇总一下，制成一张表', '2014-09-04', '2014-09-06', '完成', '制成的时间统计表，要突出哪些人在什么时候有时间', '', '2015-01-06 13:42:02'),
(43604, 7, 'Yucca数据库设计', 1, '完成Yucca数据库设计', '2014-09-06', '2014-09-10', '完成', '用户需求调整之后，需要重新设计数据库。', '', '2015-01-06 13:42:02'),
(43701, 10, '测试DC8000 V2.0板子', 3, '完成DC8000 V2.0板子测试', '2014-09-12', '2014-09-16', '完成', 'DC8000 V2.0板子已经焊接好，需要测试其各种功能。', '', '2015-01-06 13:42:02'),
(43811, 2, '实现网页版事务插入功能', 2, '实现网页版事务插入功能', '2014-09-17', '2014-09-20', '完成', '完成事务的插入功能，直接在网页上添加事务。', '审核通过', '2015-01-06 13:42:02'),
(43813, 13, '日程安排系统后台设计', 0, '实现统计个人的日程安排时间统计的后台设计', '2014-09-19', '2014-09-21', '完成', '统计个人的日程安排时间，完成数据库的设计和函数接口编写。', '撒旦发射', '2015-01-06 13:42:02'),
(43814, 18, '日程安排系统页面设计及实现', 0, '实现统计个人的日程安排时间统计页面设计及实现', '2014-09-19', '2014-09-21', '完成', '实现统计个人的日程安排设计图的绘制和网页页面实现。', '撒旦发射', '2015-01-06 13:42:02'),
(43816, 6, '写DC8000测试程序', 3, '编写DC8000测试程序', '2014-09-21', '2014-09-23', '完成', 'DC8000板子焊接完成，需要相应的测试程序。', '', '2015-01-06 13:42:02'),
(43817, 10, '修改DC8000 PCB设计', 3, '完成DC8000 PCB设计修改', '2014-09-21', '2014-09-22', '完成', 'DC8000由于用户需求的改变和前期设计的不合理，需要进行修正。', '', '2015-01-06 13:42:02'),
(43818, 3, 'ExonPC1.0需求收集及升级', 2, '收集ExonPC1.0版本修改意见，进行后续升级。', '2014-09-21', '2014-09-24', '完成', 'ExonPC1.0版本发布之后，需要收集用户改进意见并对其进行升级。', '审核通过', '2015-01-06 13:42:02'),
(43819, 5, '测试DC8000 USB硬件模块', 3, '完成DC8000 USB硬件模块测试报告', '2014-09-21', '2014-09-23', '完成', 'DC8000 USB硬件模块已经做好，需要进行测试并出具对应测试报告。', '', '2015-01-06 13:42:02'),
(43901, 2, 'MySHworks总结信息统计', 2, '完成提取公司全体学徒每日的总结提交情况脚本', '2014-09-23', '2014-09-25', '完成', '公司全体学徒每天都要发工作总结，需要对每人每天的提交情况写入数据库。写个脚本每天定时执行，自动将收集到的信息插入数据库。', '审核通过', '2015-01-06 13:42:02'),
(43902, 9, 'DCM301按数据帧间间隔同步', 3, '完成DCM301按数据帧间间隔同步', '2014-09-23', '2014-09-27', '完成', '完成DCM301程序修正，实现数据帧间间隔同步。', '', '2015-01-06 13:42:02'),
(44001, 3, 'ExonPC V1.0bug修正', 2, '完成ExonPC V1.0bug修正', '2014-09-25', '2014-10-05', '完成', 'ExonPC V1.0出现的bug需要进行修正，发布修正后的版本。', '审核未通过', '2015-01-06 13:42:02'),
(44002, 13, 'THS电脑系统安装', 0, '完成系统化安装及安装指南', '2014-10-07', '2014-10-07', '完成', '给桃花山新到的电脑安装XP系统和win7系统，完成对应安装指南。', '盛大发售', '2015-01-06 13:42:02'),
(44003, 2, '研究CVS的使用', 0, '研究如何使用CVS来管理软件（源代码）', '2014-10-07', '2014-10-07', '完成', '研究如何使用CVS来管理软件（源代码），需要研究如何对VC项目、ARM项目、FPGA项目等使用文本文件作为源代码的项目，以及WORD文档、VISIO文档、PCB项目等非文本文件的版本管理。', '测试', '2015-01-09 11:13:03'),
(44004, 3, 'ExonPC1.1意见收集及升级', 2, '收集ExonPC使用过程中的意见，继续改进。', '2014-10-07', '2014-10-20', '完成', '收集ExonPC1.1用户意见，继续升级ExonPC。', '审核通过', '2015-01-06 13:42:02'),
(44006, 4, 'ExonWed登录认证', 2, '实现ExonWeb认证功能', '2014-10-08', '2014-10-11', '完成', 'ExonWed访问数据库不进行数据库认证，直接自己开发一套认证流程并对登陆用户进行认证。', '审核未通过', '2015-01-06 13:42:02'),
(44007, 10, '14年THS资产整理', 0, '完成14年THS资产整理', '2014-10-08', '2014-11-26', '完成', '对THS所有资产进行统计、编号、贴标签，放置在对应的位置。', '', '2015-01-06 13:42:02'),
(44012, 5, 'USB枚举过程文档编写', 3, '完成USB枚举过程文档的编写', '2014-10-14', '2014-10-17', '完成', 'USB枚举过程已经实现，需要写文档对整个过程进行阐述。', '', '2015-01-06 13:42:02'),
(44014, 2, 'ExonWeb人事记录新增', 2, '实现ExonWeb新增人事记录', '2014-10-19', '2014-10-19', '完成', '每条人事记录记录在数据库的一个表中，实现其新增过程可以在网页上轻松完成。', '审核通过', '2015-01-06 13:42:02'),
(44302, 11, 'MP3解码示范程序编写', 0, '完成MP3的整个解码过程程序的编写。', '2014-10-22', '2014-11-05', '完成', '由于13级的进行了很久的MP3解码处于卡壳状态，需要有人完成这个过程，作为13级的示范。', '沃尔球场', '2015-01-06 13:42:02'),
(44303, 5, 'DC8000V2.1焊接', 3, '完成焊接DC8000V2.1焊接', '2014-10-24', '2014-10-25', '完成', 'DC8000V2.1板子和芯片已经到位，需要进行焊接工作。', '', '2015-01-06 13:42:02'),
(44402, 10, 'DC8000 V2.1板子测试与框架调试', 3, '完成DC8000 V2.1板子测试与框架调试程序', '2014-10-31', '2014-11-03', '完成', 'DC8000 V2.1板子焊接好之后，需要进行测试与框架调试。', '', '2015-01-06 13:42:02'),
(44403, 3, 'ExonPC V1.1 bug修正', 2, '完成ExonPC V1.1修正，发布新的版本。', '2014-11-01', '2014-11-06', '完成', '需要ExonPC V1.1进行修正，解决bug。尽快实现V1.1修正版本的发布，准备升级重构。', '审核通过', '2015-01-06 13:42:02'),
(44501, 10, 'DC8000软件框架重构', 3, '完成DC8000软件框架重构源代码', '2014-11-07', '2014-11-09', '完成', 'DC8000软件框架需要进行重构，重构的框架也适用于DCM301。', '', '2015-01-06 13:42:02'),
(44502, 5, 'DCM301软件框架重构', 3, '完成DCM301软件框架重构。', '2014-11-07', '2014-11-10', '完成', 'DCM301软件框架需要重构，徐朝鹏在重构DC8000的过程中兼顾DCM301的重构工作。', '', '2015-01-06 13:42:02'),
(44504, 9, 'DCM301数据同步功能验证', 3, '完成DCM301数据同步功能验证\r\n', '2014-11-08', '2014-11-10', '完成', 'DCM301数据同步功能已经做出来了，需要对其进行验证。\r\n', '', '2015-01-06 13:42:02'),
(44505, 3, 'ExonPC端json数据解析', 2, '完成json数据解析代码编写', '2014-11-08', '2014-11-11', '完成', '在ExonPC端，对获得的json数据进行解析，得到可用于显示的字符串。', '审核通过', '2015-01-06 13:42:02'),
(44506, 2, 'Exon网页版人事统计界面实现', 2, '完成人事统计界面', '2014-11-09', '2014-11-11', '完成', '用php完成人事统计界面，显示内容包括总结统计、正在进行的工作（任务、事务）统计、近十天统计未交人数统计图。', '审核通过', '2015-01-06 13:42:02'),
(44601, 2, 'Exon网页版任务详情模块实现12', 0, '实现任务详情模块，可供别的页面使用。12', '2014-11-12', '2014-11-14', '完成', '使用php实现Exon网页版任务详情模块，显示内容包括任务信息就任务日志。可拖动滑动条查看所有任务日志内容。12', '', '2015-01-06 13:42:02'),
(44602, 11, '流水账软件完善（韦文朝）', 4, '制作并完善流水账软件', '2014-11-14', '2014-11-30', '完成', '使用android制作并完善流水账软件', '', '2015-01-06 13:42:02'),
(44603, 6, '流水账软件完善（刘强）', 4, '制作并完善流水账软件', '2014-11-14', '2014-11-30', '完成', '使用android制作并完善流水账软件', '已完成', '2015-01-06 13:42:02'),
(44604, 4, '用jQuery开发弹出框', 2, '完成弹出框制作', '2014-11-14', '2014-11-14', '完成', '由于jQuery UI自带弹出框使用不方便，自己开发一个弹出框。', '审核通过', '2015-01-06 13:42:02'),
(44702, 17, '配置Proftpd的pam认证', 0, '通过配置pam和proftpd，使THS服务器可以用pam认证来实现FTP的正常连接。', '2014-11-22', '2014-11-29', '完成', 'pam认证的数据库为C179上面的mysql数据库，THS远程连接访问。', '先试试再说', '2015-01-06 13:42:02'),
(44801, 2, '建立已有项目代号对照表', 0, '提交建立之后的txt文件上传至CVS_Project/MySHworks中。', '2014-11-25', '2014-11-25', '完成', '建立已有项目代号对照表，包含四列：代号、说明、负责人、状态。', '', '2015-01-06 13:42:02'),
(44802, 16, '写MySHworks源代码文件规范说明文档', 0, '提交写好之后的文档，使用CVS上传至CVS_Project/MySHworks中。', '2014-11-26', '2014-11-29', '完成', '写MySHworks源代码文件规范说明文档，最后提交一个word文件。文件内容主要是针对代码文件的注释、命名、排版进行说明。有不懂的地方，可以找袁会进行了解。', '', '2015-01-06 13:42:02'),
(44803, 7, '单片机基本练习', 6, '使用CVS上传单片机练习源代码压缩包以及相关的文件', '2014-11-26', '2014-12-04', '完成', '开发中必须使用CVS管理，单片机练习包括：流水灯、呼吸灯、CAN通信。', '', '2015-01-06 13:42:02'),
(44805, 9, 'DCM301新框架调试', 3, '使用CVS提交稳定运行的版本以及相关文件', '2014-11-26', '2014-12-04', '完成', '与吕诗琦协作完成调试，开发期间必须使用CVS进行管理。', '', '2015-01-06 13:42:02'),
(44806, 20, '流水账测试', 4, '测试流水账v1.1，并撰写测试报告', '2014-11-27', '2014-11-29', '完成', '按照刘强发的测试大纲进行测试。', '', '2015-01-06 13:42:02'),
(44807, 4, 'Exon服务器数据库访问脚本重构', 2, '完成原来脚本的全部功能，使用CVS将源代码文件提交至项目文件仓库。', '2014-11-27', '2014-11-28', '完成', '使用CVS管理文件脚本文件，重构的脚本应包含以前脚本的全部功能并范注释和排版。', '审核通过', '2015-01-06 13:42:02'),
(44808, 3, 'ExonPC V1.2重构', 2, '完成ExonPCV1.2重构，新版本需包含原有版本的全部功能，新增记住密码、定时发送功能。完成之后将发布版压缩包、源代码压缩包、使用说明上传至项目文件仓库中。', '2014-11-27', '2014-12-04', '完成', 'ExonPC V1.2重构过程中，严格使用CVS管理源代码。代码文件必须规范注释、命名和排版。', '审核通过', '2015-01-06 13:42:02'),
(44809, 8, 'ST-LINK V2 PCB设计', 5, '完成ST-LINK V2的原型设计，使用CVS提交相关设计压缩包以及文件.', '2014-11-27', '2014-12-04', '完成', 'PCB设计中包括完成库以及原理图，生成Gerber文件、BOM表，原理图等相关文件。器件都必须使用CVS进行管理', '', '2015-01-06 13:42:02'),
(44810, 15, 'DCM301-5表盘绘制', 3, '完成表盘界面的绘制，使用CVS提交最终的bmp图', '2014-11-26', '2014-12-03', '完成', '之前DCM301-5的表盘界面显示锯齿明显，使用PS重新进行修饰设计，达到比较理想的结果。', '', '2015-01-06 13:42:02'),
(44811, 13, '流水账服务端页面制作', 4, '使用ＰＨＰ作为后台开发语言，制作注册界面、登录界面及信息查看页面，并使之正常工作。', '2014-11-27', '2014-12-06', '完成', '使用ＰＨＰ作为后台开发语言，制作注册界面、登录界面及信息查看页面，并使之正常工作。', '13级参加考试去了', '2015-01-06 13:42:02'),
(44812, 21, 'Exon网页版记住登录密码原理', 2, '写一份可行的Exon网页版记住密码原理的文档。', '2014-11-29', '2014-12-01', '完成', '可以按照该文档原理实现记住密码的功能，可能会用到session和cookies，具体的实现方法，同赵祚军讨论。', '审核通过', '2015-01-06 13:42:02'),
(44813, 16, '写VS2012MFC安装部署文档', 2, '用CVS提交写好之后的文档至CVS_Project/Exon中。', '2014-11-30', '2014-12-04', '完成', '写VS2012MFC安装部署文档，文件内容主要是写VS2012下MFC运用程序安装部署（生成windows安装程序）的详细步骤。有不懂的地方，可以找袁会进行了解。', '审核通过', '2015-01-06 13:42:02'),
(44814, 14, 'ProE新手培训（乔琦）', 6, '提交一个完成后的ProE文件与文档', '2014-11-30', '2014-12-06', '完成', '利用ProE创建一个3D手机壳，并且在文档中记录ProE使用过程中需要注意的地方和心得体会', '', '2015-01-06 13:42:02'),
(44815, 16, 'ProE新手培训（秦秀）', 6, '提交一个完成后的ProE文件与文档', '2014-11-30', '2014-12-06', '完成', '利用ProE创建一个3D手机壳，并且在文档中记录ProE使用过程中需要注意的地方和心得体会', '', '2015-01-06 13:42:02'),
(44816, 21, 'Exon网页版动态弹出菜单栏例程编写', 2, '动态弹出菜单栏例程一份', '2014-11-30', '2014-12-01', '完成', '用jquery实现Exon网页版动态弹出菜单栏的例程', '审核通过', '2015-01-06 13:42:02'),
(44817, 2, '写任务到期邮件提醒项目负责人脚本12', 0, '将完成之后的脚本文件和使用说明打包压缩之后上传至项目文件仓库。123', '2014-12-03', '2014-12-04', '完成', '使用python实现发邮件提醒项目负责人今天到期的任务的脚本。123', '', '2015-01-06 13:42:02'),
(44818, 2, '重写总结提交情况统计脚本', 2, '将完成之后的脚本文件和使用说明打包压缩之后上传至项目文件仓库。', '2014-12-03', '2014-12-04', '完成', '使用python实现总结提交情况统计脚本，将每个人的提交情况写入数据库中。', '审核通过', '2015-01-06 13:42:02'),
(44819, 3, 'ExonPC  V1.3开发', 2, '完成ExonPC  V1.3开发，将发布版压缩包、源代码压缩包上传至项目文件仓库中。', '2014-12-05', '2014-12-07', '完成', '在V1.2的基础上，优化界面和优化实现。', '审核通过', '2015-01-06 13:42:02'),
(44901, 7, '绘制PCB原理图', 6, '完成NICHE所有的PCB设计', '2014-12-05', '2014-12-12', '完成', '绘制PCB原理图，不懂的要多问。', '', '2015-01-06 13:42:02'),
(44902, 2, '优化人事统计界面实现12', 0, '获取由服务器完成，数据显示由网页端实现。12', '2014-12-05', '2014-12-07', '完成', '由于该页面一天之中只需显示，不需要进行数据更新，所以获取由服务器完成，数据显示由网页端实现。12', '', '2015-01-06 13:42:02'),
(44903, 18, '完善VS2012项目打包部署文档', 2, '完善VS2012项目打包部署文档', '2014-12-06', '2014-12-09', '完成', '在已有的文档基础之上，添加自定义安装路径等功能，要求在周二之前完成。', '审核通过', '2015-01-06 13:42:02'),
(44904, 4, '在Exon网页版重构版本中加入任务详情部分', 2, '重构Exon网页版中加入任务详情部分，并保证正常工作。', '2014-12-06', '2014-12-07', '完成', '在重构Exon网页版加入任务详情部分，包括任务状态的修改。', '审核通过', '2015-01-06 13:42:02'),
(44905, 2, '实现ExonWeb表格分页显示函数', 2, '完成表格分页功能函数的编码。', '2014-12-06', '2014-12-09', '完成', '网页有些内容过多，需要分页显示。每次点击新的页，重新获得数据并显示。实现该功能函数。', '审核通过', '2015-01-06 13:42:02'),
(44906, 10, 'DCM301新框架图形旋转调试', 3, '基于DC系列新框架，完成对DCM301中旋转图形的调试，完成之后使用CVS上传相应代码及文件。', '2014-12-07', '2014-12-11', '完成', '调试后期可能交由吕诗琦完成。', '', '2015-01-06 13:42:02'),
(44907, 17, 'Exon网页版主页面及人员图标', 2, '主页面正常显示，人员图标要求背景透明，大小一致', '2014-12-07', '2014-12-10', '完成', '主页面包括产品，服务，支持，关于页面', '审核通过', '2015-01-06 13:42:02'),
(45001, 21, 'MySQL数据库中触发器的使用', 2, '完成MySQL数据库中触发器的使用文档及示例', '2014-12-08', '2014-12-10', '完成', '在Exon中添加任务时要在任务表里添加一条数据，同时还需要在项目日志里面添加一条日志。要求就用MySQL触发器实现当任务表中插入数据时，自动在项目日志表里面添加日志。实现MySQL触发器的的创建与删除和实现功能的语句。任务结束时，要带有触发器的使用文档。', '测试', '2015-01-05 06:33:46'),
(45002, 18, 'Exon软件系列图标设计', 2, '完成Exon软件系列图标设计图', '2014-12-08', '2014-12-14', '完成', '为ExonPC、ExonWed和ExonAndroid设计图标，三个图标是一系列的图标，应有一定的相似性。', '', '2015-01-06 13:42:02'),
(45005, 17, '实现主页图片轮换效果', 2, '实现Exon主页的图片轮换效果，将整个实现过程中的技术整理成文档。', '2014-12-09', '2014-12-13', '完成', '参照DELL官方网站，实现Exon网页版图片轮换效果。', '实现定时和点击切换图片功能，并附有实现文档。', '2015-01-06 13:42:02'),
(45006, 6, 'Exon安卓版开发', 4, '开发一个可用的手机版Exon。', '2014-12-08', '2014-12-13', '完成', '开发一个可用的手机版Exon，实现功能包括：查看任务日志、项目日志、请假等。', '撒旦发射', '2015-01-06 13:42:02'),
(45007, 2, '写Exon数据库设计文档', 2, '提交Exon数据库设计文档。', '2014-12-10', '2014-12-11', '完成', '写文档介绍Exon数据库表和字段，对重要字段填写做简要阐述。', '的萨芬', '2015-01-05 07:50:45'),
(45008, 4, 'ExonWeb主页元素响应实现', 2, '完成ExonWeb主页元素响应代码', '2014-12-10', '2014-12-12', '完成', 'ExonWeb主页元素有特定响应及逻辑，需要编码实现对主页元素的响应。', '放大', '2015-01-05 07:50:36'),
(45009, 4, '建立项目组及添加组成员', 2, '完成项目组的建立和组成员的添加。', '2014-12-10', '2014-12-11', '完成', '根据boss给出的项目和项目组成员的组成图，建立对应的项目组并添加项目组成员。', '十分大方十大', '2015-01-06 13:42:02'),
(45010, 7, 'yucca文档完善', 1, '完善yucca文档', '2014-12-11', '2014-12-15', '完成', '完善yucca文档', '', '2015-01-06 13:42:02'),
(45011, 9, '基于MFC实现bmp图片转换', 3, '实现各颜色深度的bmp图片转换为相应的纹理数组信息，提交相应源代码', '2014-12-12', '2014-12-19', '完成', '是图片转换工具（Kidney）的组成部分，现在为第一阶段', '', '2015-01-06 13:42:02'),
(45012, 3, '基于MFC实现内存GDI绘图', 3, '能够根据输入的信息实现绘制相应的bmp格式图片，任务最终需要提交相应源代码', '2014-12-12', '2014-12-14', '完成', '任务为图片转换工具（kidney）的组成部分，使用VS工具的MFC开发', '', '2015-01-06 13:42:02'),
(45101, 11, 'ExonWeb projec页面实现', 2, '完成project页面逻辑实现和外观设计。', '2014-12-16', '2014-12-17', '完成', 'project页面功能:显示所有项目代号;显示当前选中的项目的项目信息和项目日志;显示项目任务和事务；按条件任务列表；显示任务信息和日志；显示正在进行的任务的进度（时间比）；点击任务，刷新任务信息和日志的显示；项目负责人和管理员可添加任务，可对其状态进行修改；任务修改时，将任务信息插入项目日志和任务日志；按条件显示事务列表；项目负责人和管理员可添加事务，可对事务状态进行修改。事务修改时将事务内容添加至项目日志；', '士大夫', '2015-01-08 02:05:50'),
(45102, 9, 'ExonWeb task页面实现', 2, '完成task页面逻辑实现和外观设计。', '2014-12-16', '2014-12-17', '完成', 'Task页面功能:显示正在进行的任务的进度（时间比）；项目负责人和管理员可添加任务，可对其状态进行修改；新增任务时，将任务信息插入项目日志和任务日志；显示当前选中的任务的任务信息和任务日志；任务列表可筛选显示。外观设计可参看效果图。', '测试', '2015-01-08 02:34:13'),
(45103, 6, 'ExonWeb head实现', 2, '完成head逻辑实现和外观设计。', '2014-12-16', '2014-12-17', '完成', 'head功能:显示公司图标、名称（中文、英文）和背景；显示产品、服务、支持、关于按钮，按钮或图标，点击后跳转至对应页面；显示登录按钮，被点击后在右侧弹出登录信息填写面板，点击面板中登陆按钮实现登陆。登陆成功则在登陆信息面板处显示项目管理等导航按钮，点击跳转至对应页面。外观设计可参看设计图。', '完成。', '2015-01-08 02:36:06'),
(45104, 2, 'ExonWeb staff页面实现', 2, '完成staff页面逻辑实现和外观设计。', '2014-12-16', '2014-12-17', '完成', 'staff页面功能:显示人员列表和人员信息（信息和照片）；显示个人任务和事务；显示任务详情和任务日志；显示人事统计结果（总结提交情况、安排表）；点击人员名称刷新人员信息；点击任务，刷新任务详情和任务日志；', '的萨芬', '2015-01-08 02:06:01'),
(45105, 2, 'ExonWeb服务器脚本维护', 2, '维护ExonWeb服务器脚本，更新上传最新的脚本。', '2014-12-16', '2014-12-17', '完成', '随着ExonWeb往前推进，接口函数会持续添加。需添加脚本对部分接口函数权限的检测。', '完成', '2015-01-08 02:25:34'),
(45201, 6, '完善ExonWeb staff页面', 2, '完善staff页面，添加日程表。', '2014-12-22', '2014-12-28', '完成', '在已有的staff页面上，继续完善。在左测添加任务人员统计导航按钮，点击右侧为人事统计页面。点击人名在原有的基础上添加个人日程表显示。', '测试', '2015-01-08 02:37:53'),
(45202, 12, 'FPGA重构', 3, '修正上一个版本的问题，扩展其他功能，如清屏、复位等。最终版本为测试运行无误版本。开发使用使用CVS进行管理', '2015-01-07', '2015-01-10', '中止', '在之前DC8000_FPGA版本的基础上，进行FPGA重构。', '任务估计有误', '2015-01-11 15:49:52'),
(45203, 6, '完成日程表周视图', 2, '完成日程表周视图，能够显示一周的日程安排', '2015-01-09', '2015-01-09', '完成', '读取数据库数据，并显示在相应的时间刻度上', '已完成。', '2015-01-10 04:02:19'),
(45204, 6, '完成日程表月视图', 2, '完成日程表月视图。', '2015-01-10', '2015-01-13', '完成', '实现日历，能够选择上月、下月，选择日历中的某一天时间跳到选择的日期。', '已完成。', '2015-01-13 14:49:04'),
(45207, 7, '选择元器件', 6, '完成元器件的选择，生成一个元器件的EXCEL表格', '2015-01-10', '2015-01-11', '完成', '选择元器件', 'USB CAN 串口是否需要特殊器件', '2015-01-11 07:35:49'),
(50201, 4, '协助调试DC8000', 3, '用CVS提交相关代码及文档。', '2015-01-10', '2015-01-16', '中止', '熟悉现有DC8000框架，编写调试代码和文档。', '任务调整，该任务中止，重开任务为单片机编程练习，熟悉对寄存器的操作，这样对熟悉、理解DC8000框架更加有利。', '2015-01-12 11:10:27'),
(50205, 13, '实现从标准函数注释文件生成函数说明文档', 2, '完成标准函数注释生成函数说明文档的程序编码，并配套对应的设计说明和使用说明文档。', '2015-01-11', '2015-01-17', '中止', '对规范输入的规范注释的源代码文件，提取其中所有的函数和函数的注释，输出成一个函数说明文档，文档格式暂定为txt。', '由于别的任务占用了时间。', '2015-01-17 16:09:38'),
(50206, 17, '设计公司公告页面效果图', 2, '完成Exon Web公司公告页面的图纸设计', '2015-01-11', '2015-01-11', '中止', '利用Visio绘制公司公告页面的效果图，完成后需交给项目负责人审核，审核通过后再进行下一步工作。', '设计图已完成，文件还未上传。', '2015-01-11 15:45:37'),
(50207, 16, '源代码缩进智能修正工具', 2, '完成源代码缩进智能修正工具的程序编码，并配套对应的设计说明和使用说明文档。', '2015-01-11', '2015-01-17', '中止', '对输入的源代码文件，将每行中缩进不正确的缩进修正正确。缩进使用8个空格的TAB缩进，缩进要考虑代码的层次关系。可参考吕思琪写的源代码风格检测程序中关于缩进的检测。', '由于别的任务占用了时间。', '2015-01-17 16:09:54'),
(50208, 18, 'Exon软件系列图标设计', 2, '完成对ExonPC、ExonWeb和ExonAndroid图标的设计图。', '2015-01-11', '2015-01-17', '完成', '参考已有的图标，完成对ExonPC、ExonWeb和ExonAndroid图标的设计。图标应该美观大方，符合公司文化，三个图标之间应有一定的联系。', '已完成。', '2015-01-14 05:39:12'),
(50209, 15, '设计任务页面搜索界面效果图', 2, '完成任务页面搜索界面的效果图设计', '2015-01-11', '2015-01-11', '中止', '设计任务页面搜索界面效果图的过程中，需和项目负责人相互讨论，确定图纸后，交由项目负责人审核，审核通过后，再进行下一步工作。', '设计图已完成，文件还未上传。', '2015-01-11 15:46:18'),
(50210, 14, '实现putty右半部分页面排版和逻辑响应', 2, '实现putty右半部分页面排版和逻辑响应demo程序。', '2015-01-11', '2015-01-17', '中止', '参照putty右半部分，实现右部分的页面布局和控件之间的逻辑响应。', '由于别的任务占用了时间。', '2015-01-17 16:10:04'),
(50211, 21, '设计资产页面效果图', 2, '完成资产页面的Visio效果图设计', '2015-01-11', '2015-01-11', '中止', '设计效果图的过程中，涉及到功能设计的地方需和项目负责人讨论，设计完成后，需交由项目负责人审核，审核通过后再进行下一步工作。', '设计图已完成，文件还未上传。', '2015-01-11 15:46:31'),
(50212, 20, '设计主页效果图', 2, '完成Exon网页版主页的Visio效果图设计', '2015-01-11', '2015-01-11', '中止', '主页效果图的设计，涉及到功能实现的地方需和项目负责人讨论，其他如显示效果等可自行设计；设计完成后需将图纸交由项目负责人审核，审核完成后再进行下一步的工作。', '设计图已完成，文件还未上传。', '2015-01-11 15:46:47'),
(50213, 5, '使用shell脚本定时批量发送邮件', 0, '一个可以实现定时发送带有附件的邮件至指定邮箱地址的的脚本。', '2015-01-11', '2015-01-11', '完成', '使用shell脚本读取文本文件中的目的邮箱地址，然后定时发送带有指定附件的邮件至目的邮箱地址。', '已经完成目标脚本', '2015-01-11 13:26:12'),
(50301, 7, '掌握局部原理', 6, '生成一个viso图，图中包含每个局部的电路原理', '2015-01-12', '2015-01-13', '完成', '根据每个功能，把每一个功能的电路工作原理掌握，方便后期PCB图的设计', '原理图已经生成一个viso图，保存在项目文件中了', '2015-01-14 01:42:32'),
(50302, 17, '完成ExonWeb公司公告页面设计和实现', 2, '完成ExonWeb公司公告页面的设计和实现', '2015-01-12', '2015-01-18', '中止', '显示公司公告界面，左边栏显示公司公告题目和时间。点击公司公告题目，在右边栏显示其内容。点击添加公告按钮，页面下拉显示添加公告界面，填写好相关信息后，点击确认按钮实现添加。', '由于开始接触，需要一段时间熟悉，导致时间估计错误。', '2015-01-19 06:31:32'),
(50303, 8, 'ST_LINK V2 外壳设计', 5, '完成ST_LINK V2外壳设计图及其实物', '2015-01-12', '2015-01-14', '中止', '根据ST_LINK V2板子尺寸设计其外壳，用Proe绘制出外壳图并用3D打印机打印出来', '库存整理', '2015-01-14 15:48:08'),
(50304, 16, '绘制ST_LINK V2的外壳', 5, 'ST_LINK V2的外壳图设计', '2015-01-11', '2015-01-13', '完成', '使用proe绘制ST_LINK V2的外壳', 'ST_LINK V2外壳图已完成', '2015-01-13 06:26:37'),
(50305, 15, '完成ExonWeb任务管理页面搜索功能', 2, '完成ExonWeb任务管理页面搜索功能。', '2015-01-12', '2015-01-18', '中止', '左边栏任务搜索信息，输入其关键字、开始时间与结束时间、输入项目和人员在中间栏都会分别出现对应于关键字、对应于时间、对应于项目和人员的任务；点击近三天、近一周、近一年分别出现对应于这一段时间的任务；点击进行、中止、完成，分别出现对应状态的任务。', '由于开始接触，需要一段时间熟悉，导致时间估计错误。', '2015-01-19 06:31:41'),
(50306, 21, '完成ExonWeb资产页面设计和实现', 2, '完成ExonWeb资产页面设计和实现', '2015-01-12', '2015-01-18', '中止', '完成查询资产，添加资产和修改资产功能。查询资产可以多条件查询，查询后显示资产信息；点击修改/添加会弹出相对应的页面进行修改/添加；仅资产管理员有权限修改/添加；修改后自动更新资产日志。', '由于开始接触，需要一段时间熟悉，导致时间估计错误。', '2015-01-19 06:32:20'),
(50307, 20, 'ExonWeb公司主页设计和实现', 2, 'ExonWeb公司主页设计和实现。', '2015-01-12', '2015-01-18', '中止', '由上及下先是文字部分对产品的介绍，接着便是产品样例以及与合作方的联系。最后在底部是近期完成的产品和正在进行的开发工作。', '由于开始接触，需要一段时间熟悉，导致时间估计错误。', '2015-01-19 06:33:22'),
(50308, 4, '单片机基本练习', 3, '开发中必须使用CVS管理，单片机练习包括：流水灯、呼吸灯、UART通信等。', '2015-01-12', '2015-01-19', '完成', '使用CVS上传单片机练习源代码压缩包以及相关的文件。', '已完成流水灯、呼吸灯、定时器、串口通信练习，还有CAN通信待练习。', '2015-01-19 17:13:15'),
(50309, 9, '完成特殊事务流程条件判断', 2, '完成特殊事务流程中，对于是否添加相关日志进行判断', '2015-01-12', '2015-01-13', '完成', '在特殊事务(如购买事务)的流程中，上一层事务执行者完成所做工作后，需为下一层新增事务，并生产相关的日志，以指定事务执行者以及说明下一层事务需做的工作。因此需对是否新增相关日志进行判断，否则此事务的状态不能修改为完成。', '已完成。', '2015-01-14 01:06:59'),
(50310, 5, '编写《使用linux发送邮件》文档', 0, '上传一个阐述如何使用linux发送邮件的文档，里面包含如何定时发送和发送附件', '2015-01-12', '2015-01-12', '完成', '需要阐述如何搭建发送邮件的环境和发送邮件的命令。并且实现定时发送与附件发送', '已完成文档的编写并且上传', '2015-01-12 15:31:40'),
(50311, 5, '完成《论文分析》表前20篇论文的brief的汇总', 0, '与机械视觉或者目标跟踪有关的，以期刊为单位的每篇杂志的brief汇总表。', '2015-01-13', '2015-01-19', '中止', '将前二十本期刊的brief做成汇总表。', '已经将查找期刊的任务分发给13级，需要重新分配任务_', '2015-01-14 11:25:41'),
(50312, 10, 'FPGA之单分辨率测试', 3, '只进行一个分辨率模式，查找图像抖动的原因。', '2015-01-12', '2015-01-12', '完成', 'VGA模式中只保留其中一个模式进行测试，测试输出图像是否有抖动', '单分辨率下测试发现图像仍然抖动，排除了因为其他输出时钟共同输出产生的影响。', '2015-01-13 07:39:10'),
(50313, 8, '整理资产表和datasheet', 0, '上传修改完成之后的资产表', '2015-01-13', '2015-01-15', '中止', 'datasheet文件名整理为制造商_型号_器件名称。完善资产表的各列数据。', '该任务由周成林继续完成。', '2015-01-16 02:00:01'),
(50315, 16, '使用3D打印机打印ProE设计', 0, '完成3D打印机打印ProE设计图文档。', '2015-01-13', '2015-01-16', '中止', '使用3D打印机打印ProE设计，需要给出具体文档。', '该任务已重新分配给乔琦完成。', '2015-01-15 06:45:36'),
(50316, 3, '编写《ExonPC1.4需求分析文档》', 2, '编写《ExonPC1.4需求分析文档》，并单独对每个功能进行单独阐述。', '2015-01-13', '2015-01-16', '完成', '上传ExonPC1.4需求分析的文档，主要日志的上传和现实，邮件的收发，任务的添加，修改和审核。', '完成。', '2015-01-16 14:25:13'),
(50317, 7, '选择CAN/URAT收发器芯片', 6, '找到更小封装的CAN/URAT芯片，保存链接到元器件选型表', '2015-01-14', '2015-01-14', '完成', '在已有资料的芯片的官方网站，选择更小的封装的CAN/URAT收发器芯片，以适应LCD按钮单元的小面积', '在做开发板时候使用公司库存中的芯片SN65HVD230DR、 ADM3490ARZ，在投入生产的时候使用尺寸比较小的SN55HVD251（CAN），LTC2851CDD#PBF(URAT)', '2015-01-14 08:05:01'),
(50318, 21, '统计《期刊分析》表中的第8-14号期刊2014年所有论文的名字和摘要', 0, '7个以期刊名命名的excel表格，其中包含论文名和论文摘要', '2015-01-15', '2015-01-21', '完成', '在学校数字图书馆数据库中查找目标期刊2014年发布的全部文章，并将它们的名字和摘要统计在一张以该期刊命名的表格中。', '已完成7本期刊的名字与摘要的整理', '2015-01-21 13:51:56'),
(50319, 13, '统计《期刊分析》表中的第15-21号期刊2014年所有论文的名字和摘要', 0, '7个以期刊名命名的excel表格，其中包含论文名和论文摘要', '2015-01-15', '2015-01-21', '完成', '在学校数字图书馆数据库中查找目标期刊2014年发布的全部文章，并将它们的名字和摘要统计在一张以该期刊命名的表格中。_', '已完成7本期刊的名字与摘要的整理', '2015-01-21 13:54:07'),
(50320, 14, '统计《期刊分析》表中的第22-28号论文的名字和摘要', 0, '7个以期刊名命名的excel表格，其中包含论文名和论文摘要_', '2015-01-15', '2015-01-21', '完成', '在学校数字图书馆数据库中查找目标期刊2014年发布的全部文章，并将它们的名字和摘要统计在一张以该期刊命名的表格中。_', '已完成7本期刊的名字与摘要的整理', '2015-01-21 13:54:26'),
(50321, 20, '统计《期刊分析》表中的第29-35期刊2014年所有论文的名字和摘要', 0, '7个以期刊名命名的excel表格，其中包含论文名和论文摘要_', '2015-01-15', '2015-01-21', '完成', '在学校数字图书馆数据库中查找目标期刊2014年发布的全部文章，并将它们的名字和摘要统计在一张以该期刊命名的表格中。_', '已完成7本期刊的名字与摘要的整理', '2015-01-21 13:54:38'),
(50322, 17, '统计《期刊分析》表中第36-42号的期刊2014年所有论文的名字和摘要', 0, '7个以期刊名命名的excel表格，其中包含论文名和论文摘要_', '2015-01-15', '2015-01-21', '完成', '在学校数字图书馆数据库中查找目标期刊2014年发布的全部文章，并将它们的名字和摘要统计在一张以该期刊命名的表格中。_', '已完成7本期刊的名字与摘要的整理', '2015-01-21 13:54:56'),
(50323, 15, '统计《期刊分析》表中第43-49号的期刊2014年所有论文的名字和摘要', 0, '7个以期刊名命名的excel表格，其中包含论文名和论文摘要_', '2015-01-15', '2015-01-21', '完成', '在学校数字图书馆数据库中查找目标期刊2014年发布的全部文章，并将它们的名字和摘要统计在一张以该期刊命名的表格中。_', '已完成7本期刊的名字与摘要的整理', '2015-01-21 13:55:07'),
(50324, 18, '统计《期刊分析》表中第50-56号的期刊2014年所有论文的名字和摘要', 0, '7个以期刊名命名的excel表格，其中包含论文名和论文摘要_', '2015-01-15', '2015-01-21', '完成', '在学校数字图书馆数据库中查找目标期刊2014年发布的全部文章，并将它们的名字和摘要统计在一张以该期刊命名的表格中。_', '已完成7本期刊的名字与摘要的整理', '2015-01-21 13:55:23'),
(50325, 16, '统计《期刊分析》表中第57-62号的期刊2014年所有论文的名字和摘要', 0, '7个以期刊名命名的excel表格，其中包含论文名和论文摘要_', '2015-01-15', '2015-01-21', '完成', '在学校数字图书馆数据库中查找目标期刊2014年发布的全部文章，并将它们的名字和摘要统计在一张以该期刊命名的表格中。_', '已完成7本期刊的名字与摘要的整理', '2015-01-21 13:55:43'),
(50326, 7, '设计LCD按钮单元PCB原理图', 6, '生成一个PCB原理图。', '2015-01-14', '2015-01-15', '完成', '根据前几天的所选元器件，先添加原理图的库，然后在画原理图', '没有完成，重开任务', '2015-01-16 02:06:12'),
(50327, 6, '完成日程表日视图', 2, '完成日视图，能够正常显示选择日期的日程安排。', '2015-01-14', '2015-01-16', '完成', '在刻度表显示日程的时间跨度，在下面显示日程的具体详情，并用不同的颜色标注。', '已完成。', '2015-01-16 14:21:13'),
(50328, 5, '统计《期刊分析》表中第1-7号的期刊2014年所有论文的名字和摘要', 0, '7个以期刊名命名的excel表格，其中包含论文名和论文摘要_', '2015-01-15', '2015-01-21', '完成', '在学校数字图书馆数据库中查找目标期刊2014年发布的全部文章，并将它们的名字和摘要统计在一张以该期刊命名的表格中。_', '已完成7本期刊的名字与摘要的整理', '2015-01-21 13:56:00'),
(50329, 9, '特殊事务类型模板效果图设计', 2, '完成事务页面特殊事务类型的显示模板效果图设计', '2015-01-14', '2015-01-14', '完成', '特殊事务类型包括：选型、付款、取件、入库、出库等几类，申请新增事务时，选择每一种类型会对应各自的模板界面。', '已完成。', '2015-01-15 06:17:52'),
(50330, 2, '写《CVS使用说明》文档', 2, '完成《CVS使用说明》文档并上传。', '2015-01-14', '2015-01-15', '完成', '完成CVS使用说明文档，内容包括版本管理说明、cvs基本概念、cvs操作、源代码管理、项目文件管理、windows客户端使用等。', '已完成。', '2015-01-15 06:39:52'),
(50331, 14, '3D打印机打印ST_LINK外壳', 5, '3D打印机打印出ST_LINK外壳', '2015-01-15', '2015-01-17', '完成', '将PROE文件转换成3D打印文件，并用3D打印机打印出外壳模型', '已完成。', '2015-01-19 02:53:23'),
(50332, 9, '实现特殊事务模板', 2, '实现事务页面新增事务时，按照事务类型来选择事务模板的功能。', '2015-01-15', '2015-01-16', '完成', '事务类型分为选型、付款、取件、入库和出库五类，各个类型对应的模板按照设计好的visio效果图来进行实现。', '已完成。', '2015-01-16 14:24:26'),
(50333, 17, '整理datasheet表和库存表', 0, '上传修改完成之后的资产表', '2015-01-15', '2015-01-19', '完成', 'datasheet文件名整理为制造商_型号_器件名称。完善资产表的各列数据。', '已完成', '2015-01-22 01:30:01'),
(50334, 2, 'ExonWeb支持页面源代码编号对照表显示', 2, '实现支持页面源代码编号对照表显示', '2015-01-15', '2015-01-15', '完成', '在支持页面显示源代码编号对照表，需要显示编号、说明、所属项目和开发环境。', '已完成。', '2015-01-15 16:05:42'),
(50335, 18, '使用MFC实现putty右半部分页面和简单逻辑响应', 2, '实现putty右半部分界面控件的动态创建以及简单的按钮响应', '2015-01-16', '2015-01-19', '中止', 'putty右半部分界面控件：按钮、单选按钮、编辑框、列表框、静态文本框_简单的按钮响应：获取编辑框的内容，显示、保存和删除列表框的内容_', '审核通过', '2015-01-18 02:22:11'),
(50336, 11, 'putty核心代码分析', 4, '分析putty Windows版本，分析清楚各个模块间工作关系。_', '2015-01-06', '2015-01-12', '完成', '分析putty Windows版本，核心分析putty中ssh协议登录认证的实现。_', '将putty基本框架分析了，模块分类如下：_主程序 windows.c_对话框操作 dialog.c dialog.h_参数配置config.c putty.h(651~899)_234树 tree234.h tree234.c_模拟终端 terminal.c terminal.h_定时器 timing.c putty.h(1297~1391)_ssh协议 ssh*.c ssh*.h_telnet telnet.c_网络 network.h winnet.c_要完成putty源码的分析，还需如下子任务：__1. 主界面及对话框部分源码分析__2. 234树及参数配置部分源码分析__3. 定时器及模拟终端部分源码分析__4. ssh协议及网络部分源码分析', '2015-01-17 06:57:33'),
(50337, 7, '设计LCD按钮单元PCB原理图', 6, '生成一个PCB原理图。', '2015-01-16', '2015-01-22', '完成', '根据前几天的所选元器件，先添加原理图的库，然后在画原理图', '未完成', '2015-01-22 12:51:48'),
(50338, 6, '完成日程表添加新日程', 2, '通过点击创建新的安排，新建新的日程。', '2015-01-17', '2015-01-19', '完成', '新建新的日程，并保存在数据库，刷新日程表界面', '已完成。', '2015-01-20 02:11:48'),
(50339, 11, 'putty核心代码分析 定时器及模拟终端部分源码分析', 4, '分析putty源码中的定时器及模拟终端部分源代码。', '2015-01-17', '2015-01-23', '完成', 'putty源码中的定时器部分是以234树来存储的，自定义实现的，定时器与消息分发紧紧相连、与模拟终端的操作亦紧紧相连。定时器部分的功能及代码较少，重点偏向模拟终端，模拟终端的操作又与ssh协议是紧紧相连的，故将模拟终端及定时器的源码分析清楚有利与ssh协议的分析。', '分析terminal.c及terminal.h、timing.c及其他相关代码，模拟终端及定时器与ssh协议（本次源码分析的核心）紧紧相关。现已经慢慢过渡到网络及ssh协议的分析，故结此任务、另开任务。', '2015-01-19 02:59:51'),
(50340, 18, 'ExonPC1.4例会、会议界面设计图绘制', 2, '完成ExonPC1.4例会、会议界面设计图绘制', '2015-01-18', '2015-01-24', '完成', '完成ExonPC1.4例会、会议界面设计图绘制，界面包括例会、会议基本信息的选择，工作进度描述、会议内容记录。', '已完成绘制。', '2015-01-20 17:50:02'),
(50342, 14, '实现putty右半部分页面的逻辑响应', 2, '参照putty右半部分，实现右部分控件之间的逻辑响应。', '2015-01-19', '2015-01-25', '完成', '实现putty右半部分页面的逻辑响应。', '已完成。', '2015-01-24 12:58:39'),
(50343, 10, 'DC8000 PCB设计修改', 3, '完成板子的修改设计，发布生产，相关文件通过CVS上传管理', '2015-01-18', '2015-01-19', '完成', '在DC8000_V2.2版本上，修改9P接插件的布局，重新走线设计。', '板子完成设计并且提交生产。相关设计明天备份到服务器。', '2015-01-19 17:09:58'),
(50401, 11, 'putty核心代码分析 ssh协议及网络部分源码分析', 4, '分析ssh协议工作过程，已经与网络通信部分的代码关系。', '2015-01-19', '2015-01-25', '完成', 'secure shell协议可提供一个安全的通道,主要认证协议、加密协议保障了数据安全性，此次任务是核心是分析ssh协议的工作过程，重点分析认证协议。', '开始借鉴Putty源码实现ssh协议使用样例，主要编写scp(Secure copy）样例和以ssh协议与服务器交互程序。', '2015-01-27 05:02:17'),
(50402, 2, '写《重庆灵悠公司管理制度》文档', 2, '完成《重庆灵悠公司管理制度》文档并上传。', '2015-01-19', '2015-01-22', '完成', '写《重庆灵悠公司管理制度》文档，将平时讨论的关于项目管理，任务管理，财务管理，人事管理，组织结构等的内容，写成一个文档。', '已完成。', '2015-01-22 15:10:49'),
(50403, 2, 'MFC操作OneNote文件前期探索', 2, '完成MFC操作OneNote文件前期探索，写相应的说明文档。', '2015-01-19', '2015-01-23', '完成', '使用MFC调用COM接口，操作OneNote文件获得数据。探索怎么获取数据并写相应的说明文档。', '已完成。', '2015-01-24 02:39:21'),
(50405, 21, '修改ExonWeb资产页面效果', 2, '修改ExonWeb资产页面效果', '2015-01-19', '2015-01-21', '完成', '把表格美化，修改按钮的样式，添加回到顶部功能。', '已完成', '2015-01-22 03:01:38');
INSERT INTO `Task` (`ID`, `Staff_ID`, `Name`, `Project_ID`, `Target`, `Date_start`, `Date_end`, `Status`, `Content`, `Remark`, `Timestamp`) VALUES
(50406, 17, '修改ExonWeb公告页面效果', 2, '完成添加界面美化,左边栏显示效果和右边的界面显示效果', '2015-01-19', '2015-01-21', '完成', '添加界面美化,左边显示栏缩进和显示字体,右边显示界面框的大小和字体的设计', '已完成', '2015-01-22 03:00:48'),
(50407, 15, 'ExonWe任务界面搜索功能完善', 2, 'ExonWeb搜索功能完善，界面美化。', '2015-01-19', '2015-01-21', '完成', 'ExonWeb通过改变开始时间与结束时间的值显示任务信息；通过直接选中项目或者人员显示任务信息；界面布局的调整与美化。', '已完成。', '2015-01-22 15:24:16'),
(50408, 20, 'ExonPC1.4界面设计图绘制', 2, '完成ExonPC1.4例会、会议界面设计图绘制，界面包括事务、任务、代办事项、日程安排、总结邮件', '2015-01-20', '2015-01-26', '中止', '完成ExonPC1.4例会、会议界面设计图绘制，界面包括事务、任务、代办事项、日程安排、总结邮件，可查看任务和事务信息，待办事项信息，可添加查看日程安排，可以一定的格式写总结邮件并发送。', '任务由别人接手。', '2015-01-26 01:54:15'),
(50409, 13, '使用MFC从标准函数注释文件生成HTML文档', 2, '使用MFC从标准函数注释文件生成HTML文档。', '2015-01-20', '2015-01-22', '完成', '从文件中读取函数名和函数注释信息，生成对应的HTML文档，实现通过函数名超链接，跳转到函数的具体信息。', '已完成。', '2015-01-22 14:51:29'),
(50410, 5, '举办学术交流会', 7, '2015年1月22号的时候举办一次概率论与随机过程的交流会，主要是讲讲《An Introduction tonStatistical Signal Processing》这本书上我掌握的知识，还有一些疑惑，然后提出来大家一起交流一下。与会人员有任维、吴水琴、何秋农、赵祚军', '2015-01-22', '2015-01-23', '完成', '举办一次概率论与随机过程的交流会', '已经完成第一次学术交流会', '2015-01-30 08:26:30'),
(50411, 21, 'ExonWeb资产日志添加', 2, '完成ExonWeb资产日志添加', '2015-01-22', '2015-01-28', '中止', '实现新增/修改资产后在数据库中插入一个资产新增/修改日志。添加资产的时候记录表中填入资产ID、事务ID、和相应的备注；修改资产的时候记录表中，记录资产数量的变化量，备注写明变化了什么。', '需求改变，致使任务未完成。', '2015-01-29 15:18:00'),
(50412, 18, '使用MFC实现ExonPC1.4例会、会议界面', 2, '使用MFC实现ExonPC1.4例会、会议界面', '2015-01-23', '2015-01-28', '中止', '按照设计图使用MFC实现ExonPC1.4例会、会议界面：完成例会、会议的时间、地点、参加与缺席人员的选择，能够记录例会、会议工作进度和内容，并最终以邮件形式发送至全体学徒。', '前期处于学习阶段，使进度滞后。', '2015-01-29 04:22:28'),
(50413, 6, '添加日程表事件重复类型选择功能', 2, '事件重复类型添加每天、每周两个选项并完成功能', '2015-01-22', '2015-01-24', '完成', '事件重复类型添加每天、每周两个选项，并同时跟新周视图和日视图', '已完成', '2015-01-25 14:49:15'),
(50414, 12, 'VGA输出显示时序分析', 3, '对VGA输出显示出现的白色条纹，用时序约束的方法消除。', '2015-01-22', '2015-01-23', '中止', '在DC8000平台上，调试FPGA模块中VGA输出显示问题，由于调试前未做相应的时序约束，导致显示中会出现多条白色的条纹，所以调试的目的是满足电路的时序要求，消除白色条纹。', '任务申请时间较短，未完成', '2015-01-24 15:05:49'),
(50415, 8, 'ST_LINK的pcb设计', 5, '完成ST_LINKpcb原理图和pcb图', '2015-01-22', '2015-01-24', '完成', '改进st_link的pcb原理图和封装库，并重新绘制pcb图', '文档已上传', '2015-01-26 07:32:57'),
(50416, 14, 'ST_LINK的外壳设计', 5, '完成ST_LINK V2的外壳设计', '2015-01-24', '2015-01-25', '完成', '使用PROE绘制ST-LINK V2的外壳', '外壳设计延后进行', '2015-01-26 07:33:55'),
(50417, 4, '完善DC8000用户手册', 3, '提交完善后的DC8000用户手册。', '2015-01-23', '2015-01-26', '中止', '理解DC8000软件框架，参考DCM301用户手册和现有文档，完善DC8000用户手册。', '期间碰上财务整理导致任务没能按时完成。', '2015-01-27 03:09:28'),
(50418, 17, '实现从python函数注释文件生成函数说明文档', 2, '完成pythonn函数注释生成函数说明文档的程序编码，并配套对应的设计说明和使用说明文档。', '2015-01-23', '2015-01-29', '完成', '对规范输入的规范注释的源代码文件，提取其中所有的函数和函数的注释，输出成一个函数说明文档，文档格式txt和html两个版本。', '已完成。', '2015-01-27 05:21:13'),
(50419, 13, 'ExonPC日程表实现', 2, '根据设计图实现ExonPC的日程表。', '2015-01-23', '2015-01-29', '中止', '实现对于一天中的具体时间段进行行程安排，界面上部为日历，中部为具体一天的行程安排，下部为这一天的正在进行的任务的信息。', '换做其他任务', '2015-01-26 01:53:31'),
(50420, 15, '完成ExonWeb事务管理页面搜索功能', 2, '完成ExonWeb事务管理页面搜索功能n', '2015-01-23', '2015-01-28', '中止', '左边栏事务搜索信息，输入其关键字、开始时间与结束时间、输入项目和人员在中间栏都会分别出现对应于关键字、对应于时间、对应于项目和人员的事务；点击近三天、近一周、近一年分别出现对应于这一段时间的事务；点击进行、中止、完成，分别出现对应状态的事务。', '需求改变，调整任务。', '2015-01-27 06:26:57'),
(50421, 7, '设计LCD按钮单元PCB原理图', 6, '完成功能板的PCB设计', '2015-01-23', '2015-01-25', '完成', '继续完成PCB设计', '由于功率问题，元器件需要重新选择，还得继续', '2015-01-28 12:23:52'),
(50422, 9, '财务页面PAF表格导入及显示', 2, '实现将PAF excel表格中的内容导入数据库并在财务页面显示', '2015-01-24', '2015-01-25', '完成', '将PAF表格按数据库中表的格式导入，然后将其显示到财务页面', '已完成。', '2015-01-26 16:53:40'),
(50423, 14, '3D打印机使用说明文档', 5, '写一份详细的3D打印机使用说明文档。', '2015-01-25', '2015-01-25', '完成', '能够通过此文档操作3D打印机。', '外壳设计延后进行', '2015-01-26 07:33:38'),
(50424, 16, '基于MFCbmp图片读取', 3, '完善图片转化工具，使用CVS提交最后完成的图片转换工具', '2015-01-24', '2015-01-27', '完成', '完成对BMP文件的读取，生成相应的纹理信息', '完成对bmp文件的读取', '2015-01-28 02:32:05'),
(50425, 14, '使用MFC完成邮件发送客户端', 2, '使用MFC完成邮件发送客户端。', '2015-01-24', '2015-01-29', '中止', '调研能实现的方式，选择最优的实现邮件的发送。能保存邮件联系人，可实现单独发，群发，带附件发送等。', '改做别的任务。', '2015-01-28 11:50:00'),
(50426, 4, 'DCM301软件框架分析', 3, '掌握DCM301软件框架', '2015-01-24', '2015-01-26', '中止', '进行DCM301软件框架分析，进一步解决噪点问题', '因为财务导致任务未按时完成', '2015-01-27 07:14:57'),
(50501, 1, 'Windows驱动开发环境部署', 3, 'Windows驱动开发环境部署的说明文档，包括简单演示驱动。', '2015-01-26', '2015-01-27', '完成', '使用VS2013和Windows8.1 x64进行驱动开发，使用WDF框架。使用VMWare Workstation 11实现虚拟的测试主机。实现一个简单的演示驱动。', '提交环境部署说明文档', '2015-01-27 16:47:10'),
(50502, 13, '绘制ExonPC V1.4日程表界面', 2, '完成ExonPC V1.4日程表界面并上传。', '2015-01-26', '2015-01-27', '完成', '绘制ExonPC V1.4日程表界面，界面包括日历，代办事务项，进行中的任务与事务项，当天具体行程表，新增日程面板。', '已完成。', '2015-01-27 05:20:59'),
(50503, 2, 'C#开发OneNote插件前期探索', 2, '完成C#开发OneNote插件前期探索', '2015-01-26', '2015-01-28', '中止', '了解C#开发OneNote插件的步骤，完成一个简单的示例并写响应说明文档。', '任务未完成。', '2015-01-29 03:22:31'),
(50504, 17, '写《vs2013项目打包和部署》文档', 2, '实现vs2013项目打包和部署。', '2015-01-27', '2015-01-29', '完成', 'vs2013项目的打包和部署，并写操作文档。', '已完成。', '2015-01-28 11:45:15'),
(50505, 16, 'bmp图片的转换', 3, '将实现将不同颜色深度bmp图片数据读取、转换并输出到txt文件中', '2015-01-28', '2015-01-31', '中止', '图片转换需要完成的功能：n1. 实现8bitBMP图片转8bit灰度n2. 实现24bitBMP图片转8bit灰度（任选其中一个RGB通道作为灰度值）n3. 实现32bitBMP图片转8bit灰度（使用Alpha通道作为灰度值）n4. 实现24bitBMP图片转RGB565n5. 实现32bitBMP图片转RGB565n6. 实现32bitBMP图片转ARGB8888', '该任务交接给吴贵森', '2015-02-01 12:47:27'),
(50506, 11, 'Putty源码分析 ssh协议样例编写', 4, '编写ssh协议使用样例', '2015-01-27', '2015-02-02', '完成', '借鉴putty源码，编写scp（Secure copy）使用样例和ssh协议使用样例。', '编写了ssh协议使用样例，实现ssh协议密码登录认证、Openssh格式密钥登录认证、putty格式（不存在密码）登陆认证，并与服务器进行交互。源码保存到THS服务器：/Project/Sardine/SSH使用样例/', '2015-01-30 08:41:44'),
(50507, 15, '更改ExonWeb任务管理搜索部分布局', 2, '更改ExonWeb任务管理搜索部分布局。', '2015-01-27', '2015-01-30', '中止', '去掉执行按钮，保留重置按钮，将重置按钮直接放在关键字搜索上方；去掉项目和人员的打勾多选和下拉框，直接做成按钮形式，但是还是要实现项目和人员的多选；添加清除按钮，能够实现将选中的项目和人员全部清除；项目和人员按钮重新布局。', '需求更改，任务未完成。', '2015-02-01 02:35:14'),
(50508, 8, '选器件', 5, '选取并购买Taxol所需的器件，并写Taxol的设计文档', '2015-01-27', '2015-01-29', '完成', '选取并购买Taxol所需的器件', 'Taxol器件选型已完成', '2015-02-01 03:10:09'),
(50509, 17, 'ExonPC1.4日程表编辑界面', 2, '实现ExonPC1.4日程表编辑界面绘制', '2015-01-28', '2015-01-31', '完成', '只实现ExonPC1.4日程表编辑界面绘制，内部逻辑响应可以先搁置', '已完成。', '2015-02-01 12:53:12'),
(50510, 14, 'ExonPC1.4日程表界面美化', 2, '将Exonpc1.4的日程表界面进行美化', '2015-01-29', '2015-01-31', '中止', '实现Exonpc1.4日程表界面美化', '计划时间之类，不能完成该任务。', '2015-02-01 02:44:20'),
(50511, 12, 'Ketose时序调试', 3, '消除ketose的图像抖动', '2015-01-28', '2015-02-03', '中止', '分析ketose的代码，完成fpga的时序分析。运用各种时序约束的方法，消除图像抖动问题。', '还未调试完成，任务时间估计有误，需要重新申请任务继续进行调试。', '2015-02-04 15:23:30'),
(50512, 2, '使用MFC实现对OneNote指定页面数据进行增量备份', 2, '完成对OneNote指定页面数据进行增量备份', '2015-01-29', '2015-02-03', '中止', '使用MFC，读取本地笔记本指定页面内容，实现页面内容增量备份，备份文件为xml格式。', '需求更改，该任务不再需要。', '2015-02-01 12:53:01'),
(50513, 13, 'ExonPC1.4登录界面设计并实现', 2, '为ExonPC1.4设计一个可行的登录界面，并使用MFC实现它。', '2015-01-29', '2015-02-02', '完成', '为ExonPC1.4设计一个可行的登录界面，并使用MFC实现它。该界面主要包括用户名输入，密码输入，保存密码等功能。', '已完成。', '2015-02-03 15:06:59'),
(50514, 18, '使用MFC实现ExonPC1.4例会记录部分界面', 2, '使用MFC实现ExonPC1.4例会记录部分界面。', '2015-01-30', '2015-02-01', '完成', '需要完成部分界面包括：总体外部框架的搭建，标题栏的绘制、例会主题、时间、地点、主持者和记录者的选择。', '已完成。', '2015-01-30 11:15:03'),
(50515, 7, 'LCD按钮单元PCB布线', 6, '完成LCD按钮单元PCB布线', '2015-01-30', '2015-01-31', '中止', '选择合适的PCB尺寸，布好PCB线，然后把PCB发出去', '未完成', '2015-02-01 14:23:39'),
(50516, 5, '重新整理2014年所有期刊中论文的信息', 7, '一个包含2014年所有期刊中论文信息的excel表', '2015-01-31', '2015-02-02', '完成', '一个包含2014年所有期刊中论文信息的excel表，表中包含名字，发表日期，摘要，评价（可先为空），作者，期刊名称等信息', '已经完成该excel的统计。', '2015-02-02 08:25:40'),
(50517, 21, 'ExonWeb资产页面BUG修整', 2, 'ExonWeb资产页面BUG修整', '2015-02-01', '2015-02-02', '完成', '调整ExonWeb资产页面的细节，修改页面中易察觉的bug。', '已完成。', '2015-02-02 15:12:11'),
(50518, 21, '了解ExonWeb中cgi部分', 2, '了解ExonWeb中cgi部分', '2015-02-01', '2015-02-05', '中止', '通过ExonWeb中cgi-bin文件夹中的脚本来学习cgi，加强对ExonWeb的了解。', '中途做别的任务，占用了时间。', '2015-02-05 11:51:48'),
(50519, 20, '研究MFC日历控件', 2, '按设计要求优化MFC日历控件界面及功能。', '2015-02-01', '2015-02-05', '中止', '根据设计要求，根据设计图美化日历控件以及能够添加添加标签和显示农历日期等功。', '未完成。', '2015-02-06 02:33:52'),
(50520, 14, 'ExonPC1.4界面简单响应', 2, 'ExonPC1.4界面简单响应', '2015-02-01', '2015-02-03', '完成', '实现关闭按钮、搜索按钮、待办事项、任务以及事务按钮获得焦点和失去焦点时改变颜色的响应', '已完成。', '2015-02-03 12:00:06'),
(50521, 8, '焊ST-Link的板子', 5, '焊好ST-Link v2的板子并完成其功能验证', '2015-02-01', '2015-02-02', '完成', '在库存中选ST-Link板子的器件并焊接', 'ST-Link板子焊接完成，但是pcb绘制时导线与焊盘短接，飞线后ST-Link板子功能正常', '2015-02-02 12:35:19'),
(50522, 14, '绘制ST-Link 的外壳', 5, '完成ST-link外壳的绘制并上传其图纸', '2015-02-01', '2015-02-02', '中止', '使用Proe绘制ST-Link板子外壳并用3D打印机将外壳打印出来', '由于proe软件无法正常工作,更换任务负责人', '2015-02-02 12:36:54'),
(50523, 15, '完成ExonWeb任务管理页面搜索功能', 2, '实现ExonWeb任务页面项目和人员的搜索', '2015-02-01', '2015-02-04', '完成', '显示全部正在进行的项目，隐藏已经完成的项目，能够全部清除已经显示的项目和人员，点击人员和项目能够进行搜索。', '已完成。', '2015-02-05 07:35:50'),
(50524, 2, 'C#开发OneNote插件', 2, '使用C#完成OneNote插件，实现xml文件提取。', '2015-02-02', '2015-02-05', '中止', '使用C#开发OneNote插件，实现对指定OneNote页面内容xml文件的提取。', '技术路线更改，调整任务。', '2015-02-04 15:53:24'),
(50525, 4, '调试DCM301程序', 3, '分析DCM301图像噪点出现的原因。', '2015-02-02', '2015-02-08', '中止', '分析DCM301源代码，研究图像在动态贴图时产生噪点出现的原因。', '噪点问题还未解决, 需要继续开任务继续调试噪点问题。', '2015-02-10 05:36:54'),
(50526, 7, 'LCD按钮单元PCB布线', 6, '完成LCD按钮单元PCB布线', '2015-02-02', '2015-02-04', '中止', '选择合适的PCB尺寸，布好PCB线，然后把PCB发出去', '未完成', '2015-02-07 05:22:02'),
(50601, 13, 'C137服务器维护', 2, '修理，维护C137服务器。', '2015-02-02', '2015-02-08', '完成', '针对其中出现的各种问题，诸如:mysql，权限，等问题，进行解决。', '已完成。', '2015-02-08 14:27:12'),
(50602, 21, 'ExonWeb日历控件实现', 2, 'ExonWeb日历控件实现', '2015-02-02', '2015-02-06', '完成', '把ExonWeb日历控件实现，通过源码分析等方式实现出来。', '已完成。', '2015-02-05 12:54:16'),
(50603, 5, '举办第三次概率论与随机过程学术讨论班', 7, '举办第三次概率论与随机过程学术讨论班', '2015-02-03', '2015-02-04', '完成', '举办第三次概率论与随机过程学术讨论班，主要讨论2.3.2之后的内容', '今天晚上boss讲解的很仔细，需要接触的方面和思考的问题还有很多', '2015-02-04 15:02:19'),
(50604, 5, '选择与Visual Drive有关的论文并下载', 7, '《Treatises》表中添加5行相关论文的信息', '2015-02-02', '2015-02-04', '完成', '选取5篇与Visual Drive有关的论文下载，并且将其相关信息填写与《Treatises》', '按照这个方向选择了5篇并下载下来放在了/Project/Treatise/论文/中', '2015-02-04 15:01:42'),
(50605, 17, '统计火车票往返时间', 0, '统计火车票往返日期时间', '2015-02-02', '2015-02-03', '完成', '需要详细的回家和回来时间', '已完成。', '2015-02-03 03:22:13'),
(50606, 8, '更改ST-Link V2的pcb板', 5, '绘制ST-Link v2的pcb板并上传', '2015-02-02', '2015-02-03', '完成', '根据焊接时发现的错误更改pcb图', 'pcb布线审核中', '2015-02-04 01:58:29'),
(50607, 17, 'Visio绘制邮件提交界面', 2, 'Visio绘制邮件提交界面', '2015-02-03', '2015-02-04', '完成', '需要自行设计提交图标界面，使整体看起来美观。', '已完成。', '2015-02-05 01:26:55'),
(50608, 6, 'ExonWeb添加项目代号对照表', 2, '将支持界面的数据搬到项目界面', '2015-02-03', '2015-02-04', '完成', '通过一个按钮显示项目代号对照表', '已完成。', '2015-02-03 14:36:14'),
(50609, 8, 'Taxol绘制原件库封装库', 5, '画元件库封装库并使用cvs上传', '2015-02-04', '2015-02-06', '完成', '绘制Taxol所需的元件库和对应的封装库', '原件库封装库已完成', '2015-02-07 04:18:48'),
(50610, 13, '解析OneNote页面生成的xml文件', 2, '使用c++实现一个可以解析xml文件的函数', '2015-02-04', '2015-02-07', '中止', '解析OneNote页面生成的xml文件，获取其中的内容，生成文本文件。', '前期经验不足，未能按时完成。', '2015-02-08 01:37:45'),
(50611, 2, '写《CVS远程连接服务器免输入密码》文档', 2, '完成《CVS远程连接服务器免输入密码》文档并上传。', '2015-02-04', '2015-02-04', '完成', '写文档说明CVS远程连接服务器免输入密码过程。', '已完成。', '2015-02-05 01:18:24'),
(50612, 5, '举办第四次概率论讨论班', 7, '举办第四次概率论讨论班', '2015-02-05', '2015-02-08', '完成', '举办第四概率论讨论班至少完成课本上的2.4节的内容', '2015年2月8日已完成任务，举办了第四次概率论讨论班，已经讲完2.4节', '2015-02-09 01:08:55'),
(50613, 5, '选择与Visual Drive有关的论文并下载', 7, '选取5篇与Visual Drive有关的论文下载，并且将其相关信息填写与《Treatises》', '2015-02-05', '2015-02-06', '完成', '《Treatises》表中添加5行相关论文的信息', '已经下载完毕5篇论文', '2015-02-06 15:00:38'),
(50614, 2, '使用MFC开发OneNote动态链接库', 2, '完成OneNote动态链接库开发', '2015-02-04', '2015-02-10', '中止', '使用MFC开发OneNote动态链接库，将OneNote提供的接口进行封装。', '任务未完成。', '2015-02-10 05:23:44'),
(50615, 14, '实现总结邮件的界面', 2, '实现总结邮件的界面。', '2015-02-05', '2015-02-07', '完成', '用MFC将总结邮件的界面画出来。', '已完成。', '2015-02-08 01:37:18'),
(50616, 20, 'ExonWeb头部公司图标配色', 2, '根据网上的参考资料，优化Exonweb的标题配色。', '2015-02-06', '2015-02-06', '完成', '在现有色调上进行优化，以蓝色为主，同时听取其他人建议。', '已完成。', '2015-02-07 05:22:47'),
(50617, 21, '了解ExonWeb中cgi部分', 2, '了解ExonWeb中cgi', '2015-02-06', '2015-02-09', '完成', '通过ExonWeb中cgi-bin文件夹中的脚本来学习cgi，加强对ExonWeb的了解。', '已完成。', '2015-02-09 17:01:23'),
(50618, 20, '安卓开发环境配置', 2, '了解安卓环境配置的相关操作，并写文档。', '2015-02-07', '2015-02-09', '完成', '详细记录安卓开发环境配置的相关细节，使工作室其他人在读文档后能够完成配置。', '已完成。', '2015-02-09 17:01:11'),
(50619, 8, '3D打印精度问题', 5, '打印ST-Link V2的外壳', '2015-02-07', '2015-02-08', '中止', '研究3D打印精度不够的原因，并打印出外壳', '未完成', '2015-02-08 16:41:41'),
(50620, 8, 'Taxol器件选型', 5, 'Taxol器件选型并上传相关文档', '2015-02-06', '2015-02-08', '完成', 'Taxol器件选型', 'Taxol选型文档已上传', '2015-02-08 01:46:36'),
(50621, 15, '研究MFC日历控件', 2, '按设计要求优化MFC日历控件界面及功能。', '2015-02-08', '2015-02-12', '中止', '根据设计要求，根据设计图美化日历控件以及能够类似outlook添加标签和显示农历日期等功。', '放假', '2015-03-03 04:45:25'),
(50701, 14, '3D打印精度研究', 5, '打印ST_Link的外壳', '2015-02-09', '2015-02-10', '完成', '找出ST_Link 外壳打印精度不够的原因', '已完成', '2015-03-03 05:47:51'),
(50702, 8, 'Taxol原理图绘制', 5, '绘制Taxol的原理图并上传工程文件', '2015-02-09', '2015-02-10', '中止', '绘制Taxol的原理图', '放假暂时终止', '2015-03-03 05:48:41'),
(50703, 7, '假期重构Yucca', 1, '完成Yucca重构。', '2015-02-11', '2015-03-01', '中止', '重构Yucca，研究概率论。', '假期未进行重构', '2015-03-03 04:13:46'),
(50704, 5, '假期研究winUSB', 3, '研究winUSB', '2015-02-11', '2015-03-01', '中止', '假期研究winUSB和概率论。', '假期，放假', '2015-03-03 05:11:13'),
(50705, 4, '假期DCM301噪点问题', 3, '解决DCM301噪点问题。', '2015-02-11', '2015-03-01', '中止', '解决DCM301噪点问题，研究概率论。', '假期未完成，任务超期', '2015-03-03 08:09:07'),
(50706, 8, '假期研究STM32F4参考手册', 5, '研究STM32F4参考手册。', '2015-02-11', '2015-03-01', '完成', '研究STM32F4参考手册和概率论，理解主要部分的工作原理和编程操作方法。', '已完成', '2015-03-03 05:49:41'),
(50707, 3, '假期实现MFC表格控件和日程表', 2, '实现MFC表格控件和日程表。', '2015-02-11', '2015-03-01', '中止', '实现MFC表格控件和日程表。', '去实现图片转换工具', '2015-03-03 04:28:09'),
(50708, 6, '假期研究如何进行产品或服务的网络推广和微信平台软件开发', 2, '研究如何进行产品或服务的网络推广和微信平台软件开发。', '2015-02-11', '2015-03-01', '中止', '研究如何进行产品或服务的网络推广，包括渠道、价格、联系方式。研究微信平台软件开发，可以为公司开发一个公众号。', '未完成。', '2015-03-03 08:06:26'),
(50709, 9, '假期研究微信支付接口', 2, '研究微信支付接口。', '2015-02-11', '2015-03-01', '中止', '研究微信支付接口。', '未完成。', '2015-03-03 08:06:35'),
(50710, 11, '假期研究支付宝支付接口', 2, '研究支付宝支付接口。', '2015-02-11', '2015-03-01', '中止', '研究支付宝支付接口。', '未完成。', '2015-03-03 08:06:42'),
(50711, 10, '假期安卓APP开发（实现对其它产品的通信和操作）', 2, '实现对其它产品的通信和操作。', '2015-02-11', '2015-03-01', '中止', '安卓APP开发，实现对其它产品的通信和操作。', '未完成。', '2015-03-03 08:06:47'),
(50712, 2, '假期安卓APP开发（实现客户的宣传和管理）', 2, '实现客户的宣传和管理。', '2015-02-11', '2015-03-01', '中止', '安卓APP开发，实现实现客户的宣传和管理，包括数据库CGI通信。', '未完成。', '2015-03-03 08:06:57'),
(50713, 12, '假期实现FPGA的高速收发和linux下的调试', 3, '实现FPGA的高速收发和linux下的调试。', '2015-02-11', '2015-03-01', '中止', '实现FPGA的高速收发和linux下的调试。', '假期未完成，任务超期', '2015-03-03 08:09:40'),
(51001, 21, '绘制ExonWeb会议记录设计图', 2, '绘制完成ExonWeb会议记录设计图', '2015-03-03', '2015-03-05', '完成', '绘制ExonWeb会议记录设计图,其中包含会议标题、会议时间、会议地点、参加人员、会议内容；实现会议内容发送到参加会议的人员的邮箱中。', '已完成。', '2015-03-06 08:26:08'),
(51002, 5, '利用MFC完成Kidney界面', 3, '一个用于响应绘制纹理并且生成纹理信息的界面。', '2015-03-03', '2015-03-04', '完成', '利用MFC，完成一个用于响应绘制纹理并且生成纹理信息的界面。', '界面生成完成', '2015-03-05 11:09:24'),
(51006, 15, 'ExonWeb事务管理页面完善', 2, 'ExonWeb事务管理页面财务正常显示，界面重新调整。', '2015-03-03', '2015-03-06', '中止', 'ExonWeb事务管理页面能够正常显示财务日志信息，页面中间部分和右边部分要重新调整，财务日志显示部分布局要进行调整。', '测试服务器故障', '2015-03-08 02:20:25'),
(51007, 14, '邮箱登录账户的配置', 2, '第一次登录账户弹出配置邮箱界面，并进行登录认证，若连接成功，下次发送邮件能自动连接邮箱。', '2015-03-03', '2015-03-06', '完成', '实现一个邮箱配置的界面，只使用qq邮箱，第一次登录账户弹出配置邮箱界面，并进行登录认证，若连接成功，下次发送邮件能自动连接邮箱。', '任务安排不合理', '2015-03-08 02:21:11'),
(51008, 20, '使用MFC修改注册表', 2, '编写注册表项，实现添加、修改、导入导出等功能，完成相应文档说明和示例代码。。', '2015-03-04', '2015-03-08', '完成', '根据需求信息具体实现注册表编辑的功能，能实现导入导出、新增、修改、保存等功能，有相应文档说明和示例代码。', '已完成。', '2015-03-11 07:09:04'),
(51009, 17, 'ExonPC1.4会议记录生成邮件内容', 2, '完成ExonPC1.4会议记录信息生成字符串，将字符串生成有固定格式的内容', '2015-03-03', '2015-03-06', '中止', '需要将ExonPC会议记录界面的信息，用MFC实现响应，获得会议信息数据，并将数据已一定的格式显示出来', '界面设计不合理', '2015-03-08 02:22:10'),
(51010, 13, 'MFC实现Exon日程表的任务及事务部分', 2, '使用MFC按照Exon日程表的设计文档实现任务及事务部分功能。', '2015-03-03', '2015-03-07', '中止', '按照日程表设计图，使用MFC做出任务及事务部分，并同步数据库，在该模块上显示正在进行中的任务的编号，名称，进度。', '有一点难度', '2015-03-08 02:20:50'),
(51011, 18, '实现一个web界面，web上提供C服务的使用指南和putty的下载', 0, '实现一个web界面，web上提供C服务的使用指南和putty的下载', '2015-03-04', '2015-03-06', '中止', '实现一个web界面，web上提供C服务的使用指南和putty的下载', '任务需要进行拓展。', '2015-03-07 07:40:07'),
(51012, 16, '成功发送所有格式的文件', 2, '能够成功发送所有格式的文件', '2015-03-04', '2015-03-07', '中止', '能够成功发送所有格式的文件，优先解决发送word文件时出现的错误、能够发送压缩包形式的文件和visio', '安排不合理', '2015-03-08 02:21:52'),
(51013, 16, '资产整理', 3, '资产整理', '2015-03-04', '2015-03-10', '中止', '将资产的名称、描述等进行完善并找到对应的正确pdf', '未完成，待继续调试', '2015-03-15 02:05:38'),
(51014, 8, '测试yucca', 1, '测试yucca中出现的Bug并解决，完善测试报告和用户手册', '2015-03-04', '2015-03-06', '完成', '将测试报告文档和用户手册文档上传.', 'Bug已修复，测试完成', '2015-03-11 03:08:51'),
(51015, 11, '支付宝平台搭建', 0, '完成支付宝平台搭建，使其具有完整功能', '2015-03-07', '2015-03-13', '中止', '在公司网站上完成支付宝平台的建立，实现支付宝具有的相关功能。提交相应的操作文档。', '还在审核中。', '2015-03-15 12:10:05'),
(51016, 6, '微信公众号平台搭建', 0, '完成微信公众号平台搭建，验证相应功能。', '2015-03-07', '2015-03-13', '中止', '在客户端实现微信公众号平台的建立，可以考虑在微信公众号上推送公司产品、管理软件等。提交相应搭建的操作文档。', '还在审核中。', '2015-03-15 12:09:59'),
(51017, 4, '判断DCM301噪点出现是否在GRAM上面出现', 3, '判断DCM301噪点出现是否在由于GRAM上有噪点。', '2015-03-07', '2015-03-09', '完成', '用一定方法，确认DCM301的GRAM上是否有噪点出现。', '已经确认噪点不是在GRAM上出现的', '2015-03-10 07:36:13'),
(51018, 8, 'ST_Link v2板子功能测试', 5, '测试ST_Link v2功能是否正常', '2015-03-07', '2015-03-08', '完成', '上传相关文档', '测试板子功能正常', '2015-03-08 00:56:26'),
(51019, 18, 'C2服务器和PAM的配置', 2, 'C2服务器和PAM的配置', '2015-03-06', '2015-03-09', '中止', 'C2服务器需要全部配置完毕。PAM的配置使用MySQL管理Linux用户认证，使用phpmyadmin创建数据库C2014，用于存放学生数据。并且完成目前所需的脚本：从文本文件批量导入、添加一个用户（交互式）、删除一个用户（按用户名）、新建一个组、删除一个组。n', '不需要PAM认证。', '2015-03-09 16:02:48'),
(51020, 8, '绘制ST_link V2的尺寸图', 5, '根据ST_Link V2的尺寸绘制其三视图并标明其尺寸', '2015-03-08', '2015-03-08', '完成', '根据其尺寸绘制图形', '已完成', '2015-03-11 03:03:55'),
(51021, 21, '掌握服务器后台的搭建和网站构架的搭建', 2, '掌握服务器后台的搭建和网站构架的搭建', '2015-03-08', '2015-03-12', '完成', '主要掌握服务器的后台的搭建和网站构架的搭建，以及编写脚本，在需要的时候进行脚本的修改的工作。', '已完成。', '2015-03-14 16:56:04'),
(51022, 14, '绘制ST-Link图纸及其打印', 5, '完成ST-Link图纸并打印出来。', '2015-03-08', '2015-03-11', '完成', '绘制ST-Link图纸及其打印壳子。', '外壳已打印出', '2015-03-11 03:04:33'),
(51023, 8, '绘制Taxol原理图', 5, '绘制Taxol的原理图，实现音频、I/O接口的功能', '2015-03-08', '2015-03-10', '中止', '将pcb图上传到CVS', '还未完成，RS422和wakeup脚还未完成', '2015-03-11 03:05:13'),
(51024, 15, 'ExonWeb网站重绘', 2, 'ExonWeb网站重绘', '2015-03-08', '2015-03-10', '中止', '重新设计ExonWeb网页，找到模板后，用viso重绘。', '电脑坏了', '2015-03-11 07:12:17'),
(51025, 13, 'ExonWeb网站重绘', 2, 'ExonWeb网站重绘', '2015-03-08', '2015-03-10', '中止', '重新设计ExonWeb网页，找到模版后，用visio重绘', '页面属性设置出错', '2015-03-11 07:12:08'),
(51026, 12, 'FPGA时序调试', 3, '通过对时序调试，消除DC8000图片抖动', '2015-03-06', '2015-03-12', '中止', '通过对FPGA时序分析，找出消除DC8000图像抖动的原因所在，进而解决该问题', '未完成，待继续进行', '2015-03-15 02:06:32'),
(51028, 5, '使DCM501正确加载WINUSB.sys作为驱动', 3, '一个能用于加载WINUSB.sys的INF文件和一个.cat文件', '2015-03-09', '2015-03-11', '完成', '使DCM501正确加载WINUSB.sys作为驱动，主要是编写INF文件和一个.cat文件', '经探索，INF和cat文件可以通过修改微软提供的模板获得，已经将操作步骤写成文档《WINUSB设备的inf文档的编写》。', '2015-03-10 08:33:28'),
(51029, 5, '使DCM501成为WINUSB', 3, '能使DCM501成为WINUSB的操作系统描述符与具体操作步骤文档《使枚举成功的USB设备成为WINUSB设备》', '2015-03-08', '2015-03-09', '完成', '能使DCM501的兼容ID显示为：WINUSB，并且通过文档描述如何实现这一需求。', '已经将DCM501的兼容性ID设为WINUSB，并且完成文档《使枚举成功的USB设备成为WINUSB设备》', '2015-03-09 14:55:36'),
(51030, 14, '完善vs2013安装部署文档', 2, '写好打包部署的文档。', '2015-03-09', '2015-03-13', '中止', '详细完善打包部署的文档，要能实现win7 32和64， win8，xp上面都可以运行。', '做3d打印机', '2015-03-11 03:21:30'),
(51101, 18, '2014C服务器的设计与完善', 0, '2014级C服务器的设计与完善', '2015-03-09', '2015-03-15', '完成', '设计2014C服务器，按照课程需求将网页进行完善。', '已完成。', '2015-03-16 02:45:48'),
(51102, 2, 'PHP架设流媒体服务器调研', 8, '完成流媒体服务器调研。', '2015-03-09', '2015-03-11', '完成', '完成PHP架设流媒体服务器调研，对可行性及难度进行评估。', '已完成。', '2015-03-12 13:17:33'),
(51103, 5, '使用WINUSB对DCM501进行简单的交互', 3, '一个能对DCM501进行双向互动的桌面应用。', '2015-03-11', '2015-03-12', '完成', '利用WINUSB提供的函数对DCM501进行操作。', '可以对发送自定义setup包于DCM501中，也可以从端点1中读取数据，并且完成文档《使用WINUSB对设备进行简单的控制》', '2015-03-12 12:03:30'),
(51104, 16, '绘制列表框并实现编辑、删除、复选框选中的功能', 2, '绘制列表框并实现编辑、删除、复选框选中的功能', '2015-03-10', '2015-03-12', '完成', '在列表框中能够编辑变保存编辑信息，当选中复选框时，编辑内容为选中；点击删除按钮时，编辑内容清空', '已完成。', '2015-03-14 09:07:11'),
(51105, 5, '确定DCM501的自定义类型并且实现FLASH的读写', 3, '1、确定DCM501的端点和接口需要设置成什么类型（这个需要自定义）2、对于FLASH进行刷写的驱动程序与硬件程序', '2015-03-13', '2015-03-17', '中止', '1、调研需要将端点和接口作为什么类型。2、编写能对FLASH进行刷写的驱动与硬件程序', '技术路线变化，在进行这一任务之前还需要调研。', '2015-03-14 14:27:33'),
(51106, 5, '图片转换程序调试', 3, '一个可以24位转8位可以正常使用的labwindows图片转换程序', '2015-03-13', '2015-03-13', '完成', '24位转8位时labwindows方面读取出来的信息和MFC（MFC正确）读取出来的不一样。需要调来一样', '调试已经完成，发现是fopen函数第二个参数填写错误，应该是rb而不是r', '2015-03-12 16:01:12'),
(51107, 5, '《USB通信系统设计草案》', 3, '《USB通信系统设计草案》文档', '2015-03-13', '2015-03-14', '中止', '根据现在已知的需求和技术，完成USB通信系统设计草案。', '未完成，时间预计有误，重新开同样的任务进行', '2015-03-15 02:43:26'),
(51110, 20, '流水帐V2.0设计图配色', 4, '优化流水帐APP的界面配色。', '2015-03-14', '2015-03-17', '完成', '根据需求风格对流水帐APP的界面配色进行优化。', '完成。', '2015-03-17 06:48:45'),
(51111, 8, '写元器件入库流程文档', 0, '将元器件入库流程文档发给徐朝鹏和boss审核并上传到CVS', '2015-03-14', '2015-03-16', '中止', '与周太顺讨论元器件入库流程，并将其具体入库流程写入文档', '由于流程修正，需要重写。', '2015-03-18 01:36:00'),
(51112, 17, '完成C语言实验指导书', 0, '完成C语言实验指导书的需求信息。', '2015-03-14', '2015-03-16', '完成', '设计实验需求信息和需要完成的项目。', '过程比较慢', '2015-03-17 13:36:01'),
(51113, 7, 'yucca报表格式修改', 1, '完善yucca报表界面', '2015-03-15', '2015-03-17', '中止', '根据李震提供的报表格式，重新实现报表界面', '李震提供的报表格式不正确', '2015-03-18 02:07:01'),
(51114, 21, '重构ExonWeb的CGI脚本', 2, '重构ExonWeb的CGI脚本', '2015-03-15', '2015-03-17', '中止', '重构的脚本包括数据操作的脚本以及PAM认证登录的脚本。', '缺少PAM认证。', '2015-03-17 14:27:18'),
(51115, 4, 'DCM301新版字库纹理的索引显示', 3, '添加字库纹理，使其显示正常。', '2015-03-15', '2015-03-17', '完成', '对纹理转换后，添加字库到新版程序中，完善RENDER驱动中的接口函数，使字体正常显示。', '字符索引显示任务完成', '2015-03-18 02:35:18'),
(51116, 5, '完成《USB通信系统设计草案》', 3, '完成《USB通信系统设计草案》，主要是调研技术路线中程序的调用方法和程序的存储方法。', '2015-03-15', '2015-03-16', '完成', '主要是调研技术路线中程序的调用方法和程序的存储方法。', '草案完成，使用CVS已提交相应文档', '2015-03-16 15:39:21'),
(51201, 10, '界面切换问题分析', 3, '解决DC8000界面切换过程中，图像未完全刷新的问题。', '2015-03-16', '2015-03-16', '完成', '分析DC8000界面切换过程中出现的图像未刷新问题，解决该问题，提交相应测试代码。', '切换界面刷新完成，但是刷新效果并未最佳。', '2015-03-17 04:51:12'),
(51202, 2, '绘制公司对外网站设计图', 2, '完成公司对外网站设计图的绘制。', '2015-03-16', '2015-03-18', '中止', '结合现有的的公司网站，完成公司对外网站设计图的绘制，包括主页、产品、服务、支持、关于6个页面。', '由于最初的审核需要修改，还未完成。', '2015-03-19 12:03:15'),
(51203, 13, '绘制ExonWeb V2.0网站设计图', 2, '完成ExonWeb V2.0网站设计图的绘制并上传设计图。', '2015-03-16', '2015-03-22', '完成', '结合现有的的公司网站，完成ExonWeb V2.0网站设计图的绘制，包括团队管理、日程管理、数据统计、资产管理和公司公告5个页面。', '已完成。', '2015-03-23 01:28:04'),
(51204, 15, '设计公司图标', 2, '设计公司图标。', '2015-03-17', '2015-03-19', '中止', '以spirit long为基础设计公司图标，要求简洁大方。', '时间估计和实际工作量有差距。', '2015-03-21 16:37:36'),
(51205, 8, 'Taxol原理图修改', 5, '完善Taxol原理图，使其原理正常，参数设置规范', '2015-03-16', '2015-03-18', '完成', '调整Taxol原理图的布局，完善每个器件的Model,Value和Manufacturer参数', '修改完成，等待审核中', '2015-03-17 02:29:08'),
(51206, 5, '编写scatter文件', 3, '一个能将指定的C文件放到指定位置的scatter文件', '2015-03-17', '2015-03-18', '完成', '编写一个能将指定的C文件放到指定位置的scatter文件', '相应scatter文件已经完成。', '2015-03-18 15:25:37'),
(51207, 14, '解决注册表未被清空的问题', 2, '实现将程序打包之后清空注册表里面的值。', '2015-03-18', '2015-03-20', '完成', '解决程序打包之前清空了注册表，但是被安装之后注册表里面仍有值的问题。', '已完成。', '2015-03-20 10:58:40'),
(51208, 10, '复位问题分析', 3, '解决上电复位图像显示不正常的问题', '2015-03-17', '2015-03-19', '中止', '分析上电复位导致图像不正常的问题，解决该问题，反复测试使其能够稳定', '调试未完成', '2015-03-20 15:35:38'),
(51209, 2, '写《流水帐V2.0设计文档》', 4, '完成《流水帐V2.0设计文档》', '2015-03-17', '2015-03-20', '完成', '写流水帐V2.0设计文档，对各页面响应和整个设计进行描述。', '已完成', '2015-03-21 02:34:06'),
(51210, 3, 'ExonPC V2.0重绘日历控件', 2, '重绘日历控件，实现日期的正常显示，以及鼠标点击选择1天的日期 demo程序', '2015-03-17', '2015-03-18', '完成', '重绘日历控件，实现日期的正常显示，以及鼠标点击选择1天的日期。', '提前完成', '2015-03-18 03:13:49'),
(51211, 21, '完善CGI中用户登录验证功能', 2, '完善CGI中用户登录验证功能', '2015-03-18', '2015-03-21', '中止', '编辑CGI中的用户登录以及设计保存密码的实现是否修改，以及简化数据库操作为ORM(面向对象的模型的工具)', '别的任务占用了时间。', '2015-03-22 08:07:25'),
(51214, 4, 'DCM301编解码库添加', 3, '添加编解码库，实现DCM301的正常通信。', '2015-03-18', '2015-03-20', '中止', '按照旧版DCM301程序，在DCM301中添加编解码库部分。', 'DMA调试出现问题，中止任务，重新开任务进行', '2015-03-21 16:27:53'),
(51215, 8, 'Taxol原理图修改', 5, '将Taxol核心板和接口板使用邮票孔的方式连接起来，并完善其原理图', '2015-03-18', '2015-03-19', '完成', '电容电阻封装改为0402，并绘制邮票孔的原理图库和封装库。', '邮票孔修改完成', '2015-03-21 01:49:24'),
(51216, 7, '写程序设计的文档', 1, '完成程序设计的文档', '2015-03-18', '2015-03-20', '中止', '完成程序设计的文档', '未完成', '2015-03-21 03:30:54'),
(51217, 3, 'ExonPC2.0添加日程表格', 2, '实现demo程序', '2015-03-18', '2015-03-22', '中止', '实现点击表格的一个单元格，弹出一个添加日程安排的面板，填写信息完成后，单元格样式发生根据填写的日期改变。同时将数据插入数据库的demo程序', '界面效果不好，有窗口抖动问题。', '2015-03-23 02:13:56'),
(51218, 5, '完成《如何编写scatter文档》', 3, '完成《如何编写scatter文件》', '2015-03-19', '2015-03-19', '完成', '主要是介绍scatter文件的作用，内容格式。并且提供一些scatter文件的小练习。', '已经使用CVS提交文档', '2015-03-19 13:44:10'),
(51219, 5, '在DCM501上新增两个BULK端点', 3, '在DCM501上新增两个BULK（IN和OUT各一个）端点的keil工程', '2015-03-19', '2015-03-21', '完成', '在枚举的时候多增加两个BULK端点。一个是IN类型，一个是OUT类型', '已经在DCM501上加上两个BULK端点', '2015-03-21 13:28:54'),
(51220, 21, '优化数据库连接和压力测试', 2, '写出python多进程操作数据库程序，编写多优化数据库方面的文档。', '2015-03-19', '2015-03-22', '完成', '抗压测试：编写多进程程序，测量数据库连接数量的极限。查找优化数据库方案，并继续测试。', '已完成。', '2015-03-23 01:28:17'),
(51221, 18, '使用MFC生成固定格式的实验报告', 0, '使用MFC完成生成固定格式的实验报告的MFC程序', '2015-03-19', '2015-03-22', '中止', '通过读取数据库各学生目录下的.c文件和.txt文件，然后生成固定格式的实验报告', '该需求暂时不急需。', '2015-03-23 01:28:59'),
(51223, 5, '使用DCM501上BULK端点与PC进行通信', 3, '使用DCM501上BULK端点与PC进行通信的keil工程', '2015-03-20', '2015-03-21', '中止', '要实现通过BULK端点与DCM501的通信主要是调用WINUSB提供的API对端点进行操作。', '电脑出现故障，重装耽误一天。', '2015-03-22 03:20:17'),
(51224, 14, '解决邮件内容和附件不能同时发送的问题', 2, '实现邮件内容和附件能够同时发送。', '2015-03-20', '2015-03-26', '中止', '解决邮件内容和附件不能同时发送的问题。', '开发计划调整，任务也未完成。', '2015-03-26 16:24:53'),
(51225, 11, '流水账开发', 4, '开发可正常使用的流水账软件，包括移动端和服务器端', '2015-03-21', '2015-03-27', '中止', '根据设计图纸，设计适合的服务端和移动端程序架构，服务端使用PHP在Linux上开发、移动端使用java在android上开发。服务端与客户端通信协议使用HTTP协议。', '未完成，换项目。', '2015-03-28 02:03:34'),
(51226, 8, 'STM32F429开发板以太网、SDRAM和LCD有冲突', 5, '找出其冲突的原因和后果，重新定义STM32F429IIT的引脚', '2015-03-21', '2015-03-23', '完成', '找出引起以太网、SDRAM和LCD冲突的原因并探究其冲突会引起什么后果', '已解决，黄色警告提示的冲突可忽略', '2015-03-21 14:16:48'),
(51227, 8, 'Taxol原理图绘制', 5, '绘制Taxol原理图并检查其功能是否正确。', '2015-03-21', '2015-03-24', '中止', '确定核心版和接口版的器件，并尽量引出SPI和I2C的邮票孔到接口板', '由于资产管理，暂时终止', '2015-03-25 02:49:53'),
(51228, 17, '实现颜色渐变界面的控件和响应', 9, '实现颜色渐变界面的控件和响应的源代码', '2015-03-22', '2015-03-28', '完成', '根据需求文档，用MFC开发颜色渐变界面的控件样式和响应，用来测试数据，并导出测试数据。', '已完成', '2015-03-31 12:19:14'),
(51229, 5, '使用DCM501上BULK端点与PC进行通信', 3, '使用DCM501上BULK端点与PC进行通信的keil工程', '2015-03-22', '2015-03-23', '中止', '要实现通过BULK端点与DCM501的通信主要是调用WINUSB提供的API对端点进行操作。', '任务期限估计有误，未完成，重开任务继续进行', '2015-03-24 01:30:17'),
(51230, 20, '实现MFC消息弹出框', 2, '研究mfc如何实现类似于QQ消息弹出框，闪烁、并有声音的提示。研究结果可添加到Exonpc上面，实现提醒功能。', '2015-03-22', '2015-03-28', '中止', '实现MFC消息弹出框示例代码。', '部分功能未完成。', '2015-03-29 04:47:12'),
(51301, 8, '资产整理', 0, '整理资产，使入库流程可以正常实行，并完成入库流程文档', '2015-03-23', '2015-03-29', '完成', '和秦秀一起整理资产表，完善剩余器件的型号、制造商和描述，并将器件重新贴标签，重新摆放器件位置', '已完成。', '2015-03-30 05:47:37'),
(51302, 12, 'DC8000复位修正', 3, '完成上电复位造成的图像显示抖动、错位问题', '2015-03-23', '2015-03-27', '完成', '通过调整FPGA以及407， 修复上电复位带来的图像显示问题', '复位修正完成，代码待CVS备份', '2015-03-27 17:20:14'),
(51303, 4, 'DCM301调试数据错位和状态切换', 3, '调试DCM301新版程序中的问题并进行整体测试。', '2015-03-24', '2015-03-26', '完成', '调试DCM301数据通信错位和状态切换，并进行完整测试。', '任务基本已经完成，需要将代码弄规范进行管理。', '2015-03-28 03:37:06'),
(51304, 21, '使用python编写总结统计脚本', 2, '实现总结统计脚本', '2015-03-24', '2015-03-27', '完成', '总结统计每个人的总结提交状态，并写入到Exon.Summary表中', '已完成。', '2015-03-27 13:40:57'),
(51305, 16, '解决多个附件不能同时发送的问题', 2, '实现多个附件同时发送源代码', '2015-03-24', '2015-03-26', '中止', '了解smtp发送附件的原理，然后找到不能同时发送多个附件的原因进行修正', '开发计划调整，任务也未完成。', '2015-03-26 16:25:00'),
(51306, 13, '流水账界面布局', 4, '根据设计图纸，使用android中的xml文件布局出界面。', '2015-03-24', '2015-03-26', '完成', '根据设计图纸，使用android中的xml文件布局出界面。', '了解基本的布局。', '2015-03-28 02:03:22'),
(51307, 3, 'ExonPC2.0添加日程表格解决窗口抖动问题', 2, '实现一个一天显示的demo程序', '2015-03-24', '2015-03-27', '中止', '实现点击表格的一个单元格，弹出一个添加日程安排的面板，填写信息完成后，单元格样式发生根据填写的日期改变。同时将数据插入数据库的', '改做别的任务。', '2015-03-28 01:16:43'),
(51308, 5, '解决USB的BULK端点与主机无法通信问题', 3, '实现BULK端点与主机之间的双向通信', '2015-03-24', '2015-03-26', '中止', '主要问题是DCM501中已经通过BULK端点将数据上传了。但是主机却没有收到相应信息。得找出这个问题的原因，然后进行解决。', '现在的情况是PC端这边显示的是下传成功，但是在设备这边还没有正确接收。', '2015-03-28 02:55:28'),
(51309, 6, '编写微信公众平台可提供的服务文档', 2, '从用户角度考虑，微信公众平台可提供的服务', '2015-03-25', '2015-03-26', '完成', '每个可提供的服务最好列举一个实际的例子。', '已完成。', '2015-03-26 15:56:29'),
(51310, 2, '实现公司项目验收文档模版', 0, '完成公司项目验收文档模版', '2015-03-25', '2015-03-28', '中止', '实现公司项目验收文档（用户手册、设计说明、测试报告）模版。', '模版页眉和背景还未确定。', '2015-03-29 04:44:07'),
(51311, 7, '台式机CPU、硬盘选型', 0, '完成选型信息表', '2015-03-26', '2015-03-29', '完成', 'CPU型号为AMD 1055T，CPU要买个配套的散热器，但这散热器要能装的到机箱，机箱比较小。 机械硬盘120G的3-4个。', '已完成。', '2015-03-30 05:47:26'),
(51313, 3, 'ExonWeb V2.0框架搭建', 2, '完成ExonWeb V2.0框架搭建源代码。', '2015-03-28', '2015-03-29', '完成', '完成ExonWeb V2.0框架搭建，包括各个页面的相关文件的创建、页面跳转链接、登录、网页头部。', '已完成。', '2015-03-30 05:46:09'),
(51314, 16, '使用MFC实现SSH协议下文件传输和远端命令执行Demo', 2, '实现SSH协议文件传输和远端执行命令Demo', '2015-03-28', '2015-04-03', '完成', '掌握文朝以前解析的SSH协议的接口函数，自己使用MFC实现试用SSH协议传输文件和在远端执行linux命令Demo。', '已完成。', '2015-04-04 03:44:54'),
(51315, 11, '流水账界面布局及逻辑实现', 4, '根据设计图纸布局流水账软件界面及逻辑实现。', '2015-03-30', '2015-04-05', '完成', '根据设计图纸布局流水账软件界面及逻辑实现。', '完成', '2015-04-02 06:58:34');
INSERT INTO `Task` (`ID`, `Staff_ID`, `Name`, `Project_ID`, `Target`, `Date_start`, `Date_end`, `Status`, `Content`, `Remark`, `Timestamp`) VALUES
(51317, 18, '写《linux下用户磁盘配额》文档', 0, '完成《linux下用户磁盘配额》文档。', '2015-03-18', '2015-03-20', '完成', '防止用户疏忽或恶意将磁盘占满，将导致系统无法进行写操作甚至崩溃，分配每个用户在/home分区最多只能使用500MB的空间，并完成文档。', '已完成。', '2015-03-28 03:54:03'),
(51318, 18, '写《linux下限制用户进程数》文档', 0, '完成《linux下限制用户进程数》文档。', '2015-03-21', '2015-03-23', '完成', '在C2服务器上限制用户进程数以防止服务器崩溃，并完成文档。', '已完成。', '2015-03-28 03:54:16'),
(51319, 21, 'ExonWeb V2.0 数据库维护', 2, '维护数据库，以及给出操作数据库的脚本', '2015-03-28', '2015-04-03', '完成', 'ExonWeb V2.0 数据库维护，给出操作数据库相对应的脚本', '已完成。', '2015-04-04 03:44:40'),
(51320, 21, 'ExonWeb V2.0左侧项目、人员列表的显示', 2, '完成ExonWeb V2.0 左侧项目、人员列表的编写', '2015-03-29', '2015-04-01', '中止', '根据Visio图在ExonWeb图中显示左侧项目、人员列表', '任务调整。', '2015-03-31 14:47:00'),
(51321, 4, 'DCM301代码整理', 3, '完成代码风格的规范整理', '2015-03-28', '2015-03-29', '完成', '将DC框架代码的基础上，将DCM301代码整理规范。最终版本使用CVS备份。', '已经完成对于DCM301的代码整理', '2015-03-31 11:11:26'),
(51322, 14, '解决发送的word文档损坏的问题', 2, '实现邮件发送的word文档能够成功打开。', '2015-03-28', '2015-04-03', '中止', '解决邮件发送的word文档损坏的问题。', '技术问题卡住', '2015-04-04 15:18:00'),
(51323, 10, 'DC8000添加FLASH读写接口', 3, '在DC框架中添加内部FLASH读写接口', '2015-03-28', '2015-03-29', '完成', '提供DC8000内部flash读写接口函数。测试正确，使用CVS提交更新版本', '已经添加内部FLASH读写接口函数', '2015-03-31 11:13:21'),
(51324, 20, 'Exonweb V2.0图片素材准备', 2, '为Exonweb提供图标素材。', '2015-03-27', '2015-03-28', '完成', '为Exonweb提供图标素材，根据学姐提的要求对Exonweb上面的一些图标进行修改、优化。', '已完成。', '2015-03-29 04:47:40'),
(51325, 15, 'ExonWeb V2.0右侧任务列表显示', 2, '显示ExonWeb任务列表。', '2015-03-28', '2015-03-31', '中止', '根据Visio图在ExonWeb网页中显示任务列表。', '任务调整。', '2015-04-01 01:15:25'),
(51326, 18, '使用MFC生成固定格式的实验报告', 0, '完成生成固定格式的实验报告的程序。', '2015-03-29', '2015-04-04', '中止', '使用MFC通过对office excel、word进行操作，生成固定实验报告。实验报告是word格式，内容是一个excel表格。', '前期探索，进度比较慢。', '2015-04-06 05:36:14'),
(51327, 10, 'Mac mini选型', 0, '采购Mac mini', '2015-03-29', '2015-03-29', '完成', '选购Mac mini MD388 i7，日版港版都可以，但要i7四核八线程n', '已完成。', '2015-03-30 16:29:36'),
(51328, 5, 'STM32F407内部FLASH读写', 3, '对于STM32F407内部FLASH进行读写的项目', '2015-03-29', '2015-03-31', '完成', '参考网址：http://www.cnblogs.com/zyqgold/archive/2013/11/09/3416108.html，主要是能对FLASH进行读写。', '参考官方例程，已经实现对于FLASH的读写', '2015-03-31 11:11:08'),
(51329, 20, 'ExonWeb V2.0标题栏实现', 2, '研究并完成如何实现网页标题栏图标的实现。', '2015-03-29', '2015-03-29', '完成', '依据要求实现网页标题栏图标的设置，包括代码如何实现，图片格式位置等内容。', '已完成。', '2015-03-30 06:00:36'),
(51401, 11, '提取OneNote 页面内容', 2, '提取指定OneNote页面内容。', '2015-03-30', '2015-04-05', '中止', '使用MFC提取指定OneNote页面内容。', '写论文，任务未完成。', '2015-04-06 05:35:40'),
(51402, 9, 'ExonWeb 2.0 团队管理界面框架搭建', 2, '完成团队管理界面的基本框架搭建，初步实现各个功能模块', '2015-03-31', '2015-04-02', '中止', '按照项目，人员，任务，事务的顺序逐步实现各个功能模块', '功能完成部分。', '2015-04-04 03:44:20'),
(51403, 20, '各地车管所、考试中心的网站调研', 8, '完成调研文档。', '2015-03-31', '2015-04-03', '中止', '各地车管所、考试中心的网站调研，写一篇调研文档。文档内容应包含网站地址（excel表）、网站有功能介绍、网站截图等。', '在做这个任务的时候还在做别的任务。', '2015-04-04 15:23:48'),
(51404, 15, '驾校考生需求调查问卷初稿', 8, '完成驾校考生需求调查问卷初稿', '2015-03-31', '2015-04-03', '完成', '完成驾校考生需求调查问卷初稿，问卷包括选择题和填空题。问卷面向90后，了解其消费等习惯和对驾校、考试中心的期望。', '已经完成调查问卷', '2015-04-04 15:15:15'),
(51405, 20, 'ExonwebV2.0数据统计页面编写', 2, '完成ExonwebV2.0数据统计页面的创建。', '2015-04-01', '2015-04-07', '中止', '依据设计图要求，完成ExonwebV2.0数据统计页面的创建，并能完成指定功能。', '未完成。', '2015-04-08 12:22:54'),
(51406, 5, '实现将单独功能的函数编译后放在指定的FLASH区域', 3, '将实现单独功能的函数编译后存放在指定FLASH区域并能正确运行。', '2015-03-31', '2015-04-02', '中止', '主要的任务：1、能将没有main函数并且没有调用关系的函数单独编译。2、将编译后的可执行文件放在指定FLASH区域并能正确调用。n参考：http://bbs.csdn.net/topics/390793598', '研究方向出错，用户程序不能只是单独功能的函数，要有main函数。', '2015-04-01 14:44:45'),
(51407, 17, 'MFC颜色渐变界面美化', 9, 'MFC颜色渐变界面美化，需要完成控件的颜色和样式，颜色选择框样式。', '2015-04-01', '2015-04-04', '完成', '颜色渐变界面美化，需要完成控件的颜色和样式，颜色选择框样式。', '已完成', '2015-04-06 05:40:21'),
(51408, 21, 'EonWebV2.0资产管理页面实现', 2, '提交ExonWebV2.0资产管理的代码', '2015-03-31', '2015-04-06', '中止', 'ExonWebV2.0资产管理页面，具有查询资产，修改资产，添加资产等功能', '资产管理流程还未完善。', '2015-04-07 02:24:59'),
(51409, 8, '资产界面和入库流程文档', 0, '写好资产界面和入库相关的文档，为界面设计提供需求分析', '2015-04-01', '2015-04-03', '中止', '根据实际的入库事务，为EXON网页版的资产界面和入库流程提供需求分析', '中途做别的任务。', '2015-04-04 03:43:44'),
(51410, 2, '写《Triose V1.0数据库设计》文档', 8, '完成《Triose V1.0数据库设计》文档', '2015-04-01', '2015-04-06', '中止', '设计Triose V1.0数据库，写《Triose V1.0数据库设计》文档。', '部分功能还未完全验证，需要后续继续添加。', '2015-04-07 02:10:54'),
(51411, 6, '写《微信公众平台开发技术研究设计》论文', 0, '完成论文以及微信公众平台的开发工作。', '2015-04-03', '2015-04-07', '中止', '编写论文及调整好格式。', '未完成。', '2015-04-09 06:31:30'),
(51412, 8, '原理图绘制', 5, '完成Taxol原理图，并确定其功能是否正确', '2015-04-01', '2015-04-07', '中止', '确定原理图音频芯片的功能是否正确，及其它电路图功能是否正确。', '写资产管理页面的文档', '2015-04-09 00:49:23'),
(51413, 5, 'IAP功能基本框架搭建', 3, '主要实现两个目标：n1、由IAP跳转到正常启动的main函数这一步。n2、从主机端获取到一定数据后，写到FLASH的固定地址中。n', '2015-04-02', '2015-04-03', '完成', '进行main函数的跳转和从主机端获取一定数据后，写到FLASH中的固定地址中。', '已经实现：1、main函数之间的跳转。2、将主机发送的数据写入FLASH中', '2015-04-04 15:09:01'),
(51414, 11, '写《科研管理系统研究设计》论文', 0, '编写毕业论文。', '2015-04-03', '2015-04-05', '完成', '编写完毕业论文。', '已完成。', '2015-04-07 02:09:22'),
(51415, 2, '实现公司文档模版', 0, '完成公司项目验收文档模版', '2015-04-03', '2015-04-06', '完成', '实现公司文档（用户手册、设计说明、测试报告）模版。', '已完成。', '2015-04-07 02:09:07'),
(51501, 17, '写《余生时间觉知及其心理与神经机制测试系统测试报告》文档', 9, '写《余生时间觉知及其心理与神经机制测试系统测试报告》文档。', '2015-04-06', '2015-04-07', '完成', '需要按照模板来写文档。', '已完成', '2015-04-08 12:27:56'),
(51502, 5, '实现通过USB在线刷新FLASH', 3, '通过PC客户端打开bin文件并读取，将文件内容通过USB发送至USB FIFO，然后再写入FLASH中。', '2015-04-06', '2015-04-08', '中止', '主要需要实现与测试的内容：1、大型程序是否能完全正确地写入FLASH中。2、在规定时间后跳转到正常程序。', '主要是卡在了无法从设备返回状态', '2015-04-09 03:00:21'),
(51503, 18, '使用MFC生成固定格式的实验报告', 0, '完成生成固定格式的实验报告的程序。', '2015-04-06', '2015-04-12', '完成', '使用MFC通过对office excel、word进行操作，生成固定实验报告。重点完成是对段落、样式、文档部件等其他文档格式的操作。', '已完成。', '2015-04-12 15:22:14'),
(51504, 20, '调研全国各地驾考中心网站', 8, '调研全国各地驾考中心网站，并据此分析驾考中心应有的功能，以及实现方式。最后统计数据并编写文档。', '2015-04-06', '2015-04-06', '完成', '完成全国各地驾考中心网站的调研并实现调研文档和数据统计。', '已完成。', '2015-04-07 02:11:01'),
(51505, 2, '写《团队开发过程中的CVS技术研究》论文', 0, '完成《团队开发过程中的CVS技术研究》论文初稿。', '2015-04-06', '2015-04-10', '完成', '写《团队开发过程中的CVS技术研究》论文，进行简单的排版。', '已完成。', '2015-04-11 02:03:31'),
(51506, 16, '写《SSH协议接口函数介绍》文档', 2, '写《SSH协议接口函数介绍》文档', '2015-04-06', '2015-04-07', '完成', '对windows远程控制linux的接口函数做详细的介绍', '已完成。', '2015-04-08 12:23:04'),
(51507, 3, 'ExonWeb V2.0团队管理右侧界面', 2, '实现团队管理右侧界面对任务和事务的显示', '2015-04-06', '2015-04-09', '完成', '实现任务和事务添加，分类别显示任务或者事务列表、查看任务或事务的详细信息。', '已完成。', '2015-04-10 06:08:03'),
(51508, 14, '写安装激活keil5文档说明', 3, '能够按照此说明文档正确安装并激活keil5.', '2015-04-07', '2015-04-07', '完成', '写安装激活keil5文档说明。', '已经完成软件的安装。', '2015-04-09 02:50:46'),
(51509, 3, 'VX2756SML显示器选型', 0, '完成VX2756SML显示器选型清单', '2015-04-07', '2015-04-07', '完成', '选择VX2756SML显示器，包邮包完美屏，价格在1399左右', '已完成。', '2015-04-08 12:23:23'),
(51510, 5, '用于放置咖啡机的木板选型', 0, '选定放置咖啡机的木板尺寸，材质', '2015-04-07', '2015-04-07', '中止', '参考链接：http://item.taobao.com/item.htm?spm=a1z09.2.9.195.vpZvfr&id=13100267950&_u=71s4jg97cb4c&qq-pf-to=pcqq.c2c', '选型错误。重开任务', '2015-04-08 05:15:42'),
(51511, 13, '流水账V2.0查账，设置页面实现', 4, '流水账V2.0的查账，设置界面源代码。', '2015-04-07', '2015-04-13', '完成', '完成流水账V2.0查账，设置布局以及源代码的编辑。', '日志及代码均已备份提交', '2015-04-14 07:35:53'),
(51512, 15, 'ExonWeb V2.0公告页面', 2, '完成ExonWeb V2.0公告页面', '2015-04-06', '2015-04-10', '中止', '根据visio图完成ExonWeb公告页面部分，能够正确显示公告内容', '时间不够。', '2015-04-11 02:33:16'),
(51513, 16, '整理CVS常用命令并使用', 2, '完成《CVS常用命令》文档', '2015-04-07', '2015-04-11', '完成', '收集并使用CVS常用命令，写《CVS常用命令》文档n', '已完成。', '2015-04-12 15:25:29'),
(51514, 5, '置物板选型', 0, '完成置物木板信息表', '2015-04-08', '2015-04-08', '完成', '木板参考链接：http://item.taobao.com/item.htm?spm=a1z0d.6639537.1997196601.4.zhCw2X&id=13100267950。三脚架参考链接：http://item.taobao.com/item.htm?id=39211065152&tracelogww=ltckbburl', '已完成。', '2015-04-08 17:11:49'),
(51515, 21, '根据需求完善ExonWeb V2.0 资产页面', 2, '根据需求完成ExonWeb V2.0资产管理页面', '2015-04-08', '2015-04-14', '中止', '调整搜索功能为筛选，完善上一个版本的倒入导出功能，实现点击表头排序的功能。', '制度未确定。', '2015-04-14 15:25:00'),
(51516, 8, '写《重庆灵悠科技有限公司入库流程》文档', 0, '完成《重庆灵悠科技有限公司入库流程》文档，并上传到CVS', '2015-04-09', '2015-04-11', '完成', '将入库流程整理清楚，为EXON网站提供入库流程文档，并用文档记录下来', '已完成。', '2015-04-13 01:27:49'),
(51517, 14, '使用DCM301-2将灯点亮', 3, '一个能点亮灯的工程', '2015-04-09', '2015-04-11', '完成', '主要是要理解GPIO和RCC的作用。', '已经将灯点亮，对于GPIO也有了一定了解。', '2015-04-12 02:35:02'),
(51518, 5, '实现FLASH在线刷新功能', 3, '一个VS工程用于发送文件内容，一个keil工程用于获取文件数据。', '2015-04-10', '2015-04-13', '完成', '现在主要要解决的问题是：1、设计一个数据发送协议。2、测试不同文件大小是否都能正确传送。', '已经实现USB IAP功能.', '2015-04-13 15:28:32'),
(51519, 15, 'ExonWeb V2.0公告页面发布公告功能添加', 2, 'ExonWeb V2.0公告页面新增发布公告功能', '2015-04-10', '2015-04-12', '完成', '项目负责人可以发布公告。', '已完成。', '2015-04-13 01:58:45'),
(51520, 20, 'ExonWeb V2.0信息显示页面', 2, '根据要求完成ExonWeb信息显示页面部分，能够显示各部分信息的内容。', '2015-04-10', '2015-04-15', '完成', '完成ExonWeb V2.0信息页面', '已完成。', '2015-04-16 02:34:54'),
(51521, 17, '分析微信公众平台订阅号和服务号能提供的服务', 2, '分析微信公众平台订阅号和服务号能提供的服务（以北碚周边为对象），以文档的形式阐述一下。', '2015-04-11', '2015-04-13', '完成', '分析微信公众平台订阅号和服务号能提供的服务，用文档来阐述一下。', '已完成。', '2015-04-14 07:19:43'),
(51522, 10, 'DC8000添加通信仿真测试界面状况', 3, '添加通信测试界面运行状况，完成DC8000剩余工作，提交最终运行程序。', '2015-04-12', '2015-04-14', '完成', '1.未加通信，内部产生数据测试界面响应 n2.添加通信，测试界面响应n3.完善程序代码。', '使用串口、CAN通信对界面响应进行了测试，单字节显示正常，具体数据通信协议还需要和348厂对接调试。', '2015-04-14 16:33:36'),
(51523, 14, '使用DCM301-2实现流水灯', 3, '一个能实现流水灯的程序', '2015-04-12', '2015-04-13', '完成', '主要是要自己想清楚流水灯的算法。并且要会自己调试', '通过自己的理解已经实现流水灯', '2015-04-13 15:32:48'),
(51601, 4, 'Exon框架用户认证', 2, '完成Exon后台框架的认证和网站记住密码的功能。', '2015-04-13', '2015-04-15', '完成', '实现Exon网站登录认证和在多个设备记住密码的功能。', '已完成。', '2015-04-15 16:00:36'),
(51602, 2, '修正《重庆灵悠公司管理制度》文档', 2, '完成《重庆灵悠公司管理制度》文档。', '2015-04-13', '2015-04-19', '中止', '根据以前讨论的结论，结合吴水琴的写资产管理文档，修正《重庆灵悠公司管理制度》文档。', '需求调整。', '2015-04-16 05:55:50'),
(51603, 3, 'ExonWeb V2.0团队管理界面完善', 2, '实现团队管理界面显示', '2015-04-13', '2015-04-17', '中止', '实现任务和事务添加，分类别显示任务或者事务列表、查看任务或事务的详细信息，实现人员和项目的分类', '交给卢玉娇去做。', '2015-04-19 14:54:43'),
(51604, 14, '使用TIM实现流水灯', 3, '使用TIM实现流水灯的程序', '2015-04-14', '2015-04-16', '中止', '主要解决TIM如何配置的问题。', '配置完时钟频率，然后才开始配置TIMER。', '2015-04-16 14:25:10'),
(51605, 5, '完成USB通信系统设计文档和规范代码', 3, '1、《USB通信系统设计文档》 2、规范代码', '2015-04-14', '2015-04-15', '完成', '1、文档中主要描述该通信系统的通信规范。2、规范代码格式等', '已经完成文档的编写和规范代码', '2015-04-15 16:09:21'),
(51606, 6, '编写《微信公众平台解决方案》文档', 2, '分析开发者模式能给北碚周边商户提供编辑模式所不能提供的功能，给出公司网站微信公众平台开发方案。', '2015-04-14', '2015-04-15', '完成', ' 将分析后的目标内容撰写为文档。', '已完成。', '2015-04-15 14:20:29'),
(51607, 11, 'OneNote内容读取与写入', 2, '使用C#或MFC实现OneNote特定页面内容的读取和写入。', '2015-04-14', '2015-04-20', '进行', '使用C#或MFC实现OneNote特定页面内容的读取和写入，主要是读取第一个outline的内容，并能判断更新日期。', '审核通过', '2015-04-14 07:38:30'),
(51608, 13, '流水账V2.0后台操作', 4, '实现流水账V2.0界面与数据库的连接的代码。', '2015-04-14', '2015-04-20', '进行', '创建数据库，实现手机与数据库之间的同步，备份，写入等功能。', '审核通过', '2015-04-14 08:39:29'),
(51609, 17, '实现微信自动回复消息功能', 2, '实现微信自动回复消息功能。', '2015-04-14', '2015-04-16', '完成', '了解微信开发接口和实现微信自动回复消息功能。', '已完成。', '2015-04-17 06:15:16'),
(51610, 16, '绘制CVS客户端界面效果图', 2, '完成CVS客户端界面效果图绘制n', '2015-04-14', '2015-04-20', '中止', '根据实际需要，参考TortoiseCVS界面，绘制CVS客户端界面效果图。', '暂时不必绘制效果图，更改任务', '2015-04-17 06:15:00'),
(51613, 15, 'ExonWeb V2.0团队管理页面人员信息显示表位置修改', 2, 'ExonWeb V2.0团队管理页面人员信息显示表位置修改', '2015-04-14', '2015-04-17', '完成', '分别点击每个年级，所对应人员信息显示错位，修改使其显示在正确位置。', '已完成。', '2015-04-19 14:54:22'),
(51614, 8, '写《Myshwokrs资产管理流程》文档', 0, '完成《Myshwokrs资产管理流程》文档并上传到CVS中Myshworks目录下', '2015-04-14', '2015-04-16', '完成', '写清资产变更情况及在相应变更情况下资产的操作流程，并完成网页和APP中资产流程的需求分析', '已完成。', '2015-04-17 15:48:28'),
(51615, 21, '使用python实现提醒未提交总结', 2, '完成python脚本', '2015-04-15', '2015-04-17', '完成', '到固定时间如果成员尚未提交总结，便会发送脚本提醒成员提交总结，需要用到linux自动处理', '已完成。', '2015-04-17 16:22:55'),
(51616, 21, '继续实现ExonWeb V2.0资产页面', 2, '完成ExonWeb V2.0资产页面剩下的功能', '2015-04-16', '2015-04-22', '进行', 'ExonWebV2.0已经显示了资产，按状态查询资产，接下来完成添加，修改资产以及资产管理员审核资产的功能', '审核通过。', '2015-04-14 15:25:29'),
(51617, 18, 'OneNote页面内容的提取与写入', 2, '使用C#实现OneNote特定页面内容的读取和写入。', '2015-04-16', '2015-04-18', '进行', '使用C#实现OneNote特定页面内容的读取和写入，既要提取全部内容，也要能提取出当日写下的内容。', '审核通过', '2015-04-16 05:54:59'),
(51618, 2, '写《重庆灵悠科技有限公司开发管理》文档', 2, '完成《重庆灵悠科技有限公司开发管理》文档。', '2015-04-16', '2015-04-20', '进行', '写《重庆灵悠科技有限公司开发管理》文档，对开发过程进行规范。', '审核通过', '2015-04-16 05:57:38'),
(51619, 17, '写《微信会员和优惠券方案》文档', 2, '写微信会员和优惠券方案文档，阐述优惠券和会员方案。', '2015-04-16', '2015-04-17', '中止', '阐述优惠券和会员方案，包括管理会员和优惠券使用和发放等。', '请假去数学建模。', '2015-04-18 01:42:31'),
(51620, 12, 'FPGA实现动态直线图形库', 3, '完成FPGA动态直线图形库', '2015-04-17', '2015-04-20', '进行', '在FPGA模块里增加直线绘制模块，通过407发送直线参数，在显示器上动态显示出来', '审核通过', '2015-04-16 14:41:29'),
(51621, 8, '调试Niche的板子', 5, '测试Niche音频电路是否正确', '2015-04-16', '2015-04-19', '进行', '测试Niche的板子是否能下载程序，并写程序测试扬声器和蜂鸣器能否正常工作', '审核通过', '2015-04-16 14:00:20'),
(51622, 14, '使用TIM实现流水灯', 3, '配置TIMER，实现延时功能', '2015-04-17', '2015-04-17', '完成', '使用TIMER实现流水灯', 'TIMER已经配置，已经实现流水灯，但是需要用示波器观察时间。', '2015-04-18 03:00:55'),
(51623, 16, '基于MFC实现文件（夹）变动监控', 2, '基于MFC实现文件（夹）变动监控', '2015-04-17', '2015-04-23', '进行', '如果文件发生改动就触发某个事件，比如某个文件（夹）发送改动就弹出提示框。', '审核通过', '2015-04-17 06:14:25'),
(51624, 5, '流水账第一个界面布局', 4, '流水账第一个界面布局工程', '2015-04-17', '2015-04-19', '进行', '熟悉JAVA的语法，学习安卓布局', '审核通过', '2015-04-17 06:15:39'),
(51625, 2, '写《重庆灵悠科技有限公司学徒管理》文档', 2, '完成《重庆灵悠科技有限公司学徒管理》文档。', '2015-04-17', '2015-04-21', '进行', '写《重庆灵悠科技有限公司学徒管理》文档，就学徒招新制度作简要说明。', '审核通过', '2015-04-17 07:32:31'),
(51626, 10, 'iOS开发一个简单应用程序', 4, '使用Mac开发一个简单的app，使其能够在iPhone设备上运行。', '2015-04-17', '2015-04-18', '中止', '熟悉Xcode开发环境，学习object－C及swift语言，使用swift语言开发一个简单的应用程序。', '仅在模拟器上简单实现，在真机设备上需要具有开发证书，正在申请中。', '2015-04-20 02:16:22'),
(51627, 14, '使用中断实现流水灯', 3, '一个使用TIMER中断实现流水灯的工程', '2015-04-19', '2015-04-21', '进行', '主要是要正确开启中断，处理中断', '审核通过', '2015-04-18 13:05:55');

-- --------------------------------------------------------

--
-- 表的结构 `TaskContent`
--

CREATE TABLE IF NOT EXISTS `TaskContent` (
  `ID` int(11) NOT NULL AUTO_INCREMENT COMMENT '唯一标示符',
  `TaskCode` varchar(256) NOT NULL COMMENT '任务代号',
  `Content` longtext NOT NULL COMMENT '任务日志内容',
  PRIMARY KEY (`ID`)
) ENGINE=InnoDB DEFAULT CHARSET=latin1 AUTO_INCREMENT=1 ;

/*!40101 SET CHARACTER_SET_CLIENT=@OLD_CHARACTER_SET_CLIENT */;
/*!40101 SET CHARACTER_SET_RESULTS=@OLD_CHARACTER_SET_RESULTS */;
/*!40101 SET COLLATION_CONNECTION=@OLD_COLLATION_CONNECTION */;
